{
"lengthUnit": "mil",
"remark": [],
"components": {
	"fields": ["COMPONENT_NO", "COMPONENT_NAME", "LAYER", "X_COORDINATE", "Y_COORDINATE", "ANGLE"],
	"rows": [
		[1, "CN1", "T", 640.025, -3649.999, 0],
		[2, "CN2", "T", 1083.348, -3650, 0],
		[3, "CN3", "T", 1526.674, -3650, 0],
		[4, "CN4", "T", 1970, -3650, 0],
		[5, "CN5", "T", 3635, -765, 90],
		[6, "CN6", "T", 2470, -3630, 0],
		[7, "CN7", "T", 3020, -3630, 0],
		[8, "CN8", "T", 3635, -427.5, 90],
		[9, "CN9", "T", 310, -765, 270],
		[10, "CN10", "T", 305, -427.5, 270],
		[11, "DC1", "T", 3055, -430, 270],
		[12, "H1", "T", 1900, -2130, 90],
		[13, "H2", "T", 1300, -2130, 90],
		[14, "H3", "T", 2425, -185, 90],
		[15, "H4", "T", 2425, -585, 90],
		[16, "H5", "T", 1725, -185, 90],
		[17, "H6", "T", 1725, -585, 90],
		[18, "H8", "T", 2400, -3135, 90],
		[19, "H9", "T", 2205, -2130, 90],
		[20, "H10", "T", 995, -2130, 90],
		[21, "H11", "T", 2560, -1015, 90],
		[22, "H12", "T", 3100, -930, 270],
		[23, "J1", "T", 3705, -1825, 180],
		[24, "J2", "T", 3705.83, -1505.92, 180],
		[25, "J3", "T", 3705, -1190, 180],
		[26, "J4", "T", 235, -1280, 90],
		[27, "J5", "T", 3445, -3480, 0],
		[28, "J7", "T", 2460, -3465, 0],
		[29, "J8", "T", 3020, -3475, 0],
		[30, "J9", "T", 2520, -1570, 90],
		[31, "KEY1", "T", 3810, -2385, 270],
		[32, "KEY2", "T", 3805, -2960, 90],
		[33, "KEY3", "T", 130, -2335, 90],
		[34, "KEY4", "T", 130, -1895, 270],
		[35, "MPU1", "T", 275, -2675, 0],
		[36, "P2", "T", 615, -1240, 270],
		[37, "R1", "T", 1655, -2170, 0],
		[38, "R2", "T", 1655, -2237.5, 180],
		[39, "R3", "T", 1655, -2305, 0],
		[40, "SW3", "T", 2760, -340, 90],
		[41, "U2", "T", 580, -2430, 270],
		[42, "U3", "T", 755, -65, 0],
		[43, "PAD1", "T", 3545, -3480, 0],
		[44, "PAD1", "B", 3545, -3480, 0],
		[45, "PAD2", "T", 3445, -3480, 0],
		[46, "PAD2", "B", 3445, -3480, 0],
		[47, "PAD3", "T", 3345, -3480, 0],
		[48, "PAD3", "B", 3345, -3480, 0],
		[49, "PAD4", "T", 3415.75, -2138.94, 0],
		[50, "PAD4", "B", 3415.75, -2138.94, 0],
		[51, "PAD5", "T", 3415.75, -3056.26, 0],
		[52, "PAD5", "B", 3415.75, -3056.26, 0],
		[53, "PAD6", "T", 2478.74, -2138.94, 0],
		[54, "PAD6", "B", 2478.74, -2138.94, 0],
		[55, "PAD7", "T", 2478.74, -3056.26, 0],
		[56, "PAD7", "B", 2478.74, -3056.26, 0],
		[57, "PAD8", "T", 2459.06, -2747.6, 0],
		[58, "PAD8", "B", 2459.06, -2747.6, 0],
		[59, "PAD9", "T", 2459.06, -2647.6, 0],
		[60, "PAD9", "B", 2459.06, -2647.6, 0],
		[61, "PAD10", "T", 2459.06, -2547.6, 0],
		[62, "PAD10", "B", 2459.06, -2547.6, 0],
		[63, "PAD11", "T", 2459.06, -2447.6, 0],
		[64, "PAD11", "B", 2459.06, -2447.6, 0],
		[65, "PAD12", "T", 755, -100, 0],
		[66, "PAD12", "B", 755, -100, 0],
		[67, "PAD13", "T", 755, -200, 0],
		[68, "PAD13", "B", 755, -200, 0],
		[69, "PAD14", "T", 755, -300, 0],
		[70, "PAD14", "B", 755, -300, 0],
		[71, "PAD15", "T", 755, -400, 0],
		[72, "PAD15", "B", 755, -400, 0],
		[73, "PAD16", "T", 755, -500, 0],
		[74, "PAD16", "B", 755, -500, 0],
		[75, "PAD17", "T", 755, -600, 0],
		[76, "PAD17", "B", 755, -600, 0],
		[77, "PAD18", "T", 755, -700, 0],
		[78, "PAD18", "B", 755, -700, 0],
		[79, "PAD19", "T", 755, -800, 0],
		[80, "PAD19", "B", 755, -800, 0],
		[81, "PAD20", "T", 1355, -800, 0],
		[82, "PAD20", "B", 1355, -800, 0],
		[83, "PAD21", "T", 1355, -700, 0],
		[84, "PAD21", "B", 1355, -700, 0],
		[85, "PAD22", "T", 1355, -600, 0],
		[86, "PAD22", "B", 1355, -600, 0],
		[87, "PAD23", "T", 1355, -500, 0],
		[88, "PAD23", "B", 1355, -500, 0],
		[89, "PAD24", "T", 1355, -400, 0],
		[90, "PAD24", "B", 1355, -400, 0],
		[91, "PAD25", "T", 1355, -300, 0],
		[92, "PAD25", "B", 1355, -300, 0],
		[93, "PAD26", "T", 1355, -200, 0],
		[94, "PAD26", "B", 1355, -200, 0],
		[95, "PAD27", "T", 1355, -100, 0],
		[96, "PAD27", "B", 1355, -100, 0],
		[97, "PAD28", "T", 53.23, -2512.16, 0],
		[98, "PAD29", "T", 53.23, -2157.84, 0],
		[99, "PAD30", "T", 206.78, -2512.17, 0],
		[100, "PAD31", "T", 206.78, -2157.84, 0],
		[101, "PAD32", "T", 206.77, -1717.84, 0],
		[102, "PAD33", "T", 206.77, -2072.16, 0],
		[103, "PAD34", "T", 53.22, -1717.83, 0],
		[104, "PAD35", "T", 53.22, -2072.16, 0],
		[105, "PAD36", "T", 185, -1180, 0],
		[106, "PAD36", "B", 185, -1180, 0],
		[107, "PAD37", "T", 285, -1180, 0],
		[108, "PAD37", "B", 285, -1180, 0],
		[109, "PAD38", "T", 185, -1280, 0],
		[110, "PAD38", "B", 185, -1280, 0],
		[111, "PAD39", "T", 285, -1280, 0],
		[112, "PAD39", "B", 285, -1280, 0],
		[113, "PAD40", "T", 185, -1380, 0],
		[114, "PAD40", "B", 185, -1380, 0],
		[115, "PAD41", "T", 285, -1380, 0],
		[116, "PAD41", "B", 285, -1380, 0],
		[117, "PAD42", "T", 615, -1390, 0],
		[118, "PAD42", "B", 615, -1390, 0],
		[119, "PAD43", "T", 615, -1290, 0],
		[120, "PAD43", "B", 615, -1290, 0],
		[121, "PAD44", "T", 615, -1190, 0],
		[122, "PAD44", "B", 615, -1190, 0],
		[123, "PAD45", "T", 615, -1090, 0],
		[124, "PAD45", "B", 615, -1090, 0],
		[125, "PAD46", "T", 275, -2675, 0],
		[126, "PAD46", "B", 275, -2675, 0],
		[127, "PAD47", "T", 275, -2775, 0],
		[128, "PAD47", "B", 275, -2775, 0],
		[129, "PAD48", "T", 275, -2875, 0],
		[130, "PAD48", "B", 275, -2875, 0],
		[131, "PAD49", "T", 275, -2975, 0],
		[132, "PAD49", "B", 275, -2975, 0],
		[133, "PAD50", "T", 541.6, -3650, 0],
		[134, "PAD50", "B", 541.6, -3650, 0],
		[135, "PAD51", "T", 640.04, -3650, 0],
		[136, "PAD51", "B", 640.04, -3650, 0],
		[137, "PAD52", "T", 738.46, -3650, 0],
		[138, "PAD52", "B", 738.46, -3650, 0],
		[139, "PAD53", "T", 984.923, -3650.001, 0],
		[140, "PAD53", "B", 984.923, -3650.001, 0],
		[141, "PAD54", "T", 1083.363, -3650.001, 0],
		[142, "PAD54", "B", 1083.363, -3650.001, 0],
		[143, "PAD55", "T", 1181.783, -3650.001, 0],
		[144, "PAD55", "B", 1181.783, -3650.001, 0],
		[145, "PAD56", "T", 1428.249, -3650.001, 0],
		[146, "PAD56", "B", 1428.249, -3650.001, 0],
		[147, "PAD57", "T", 1526.689, -3650.001, 0],
		[148, "PAD57", "B", 1526.689, -3650.001, 0],
		[149, "PAD58", "T", 1625.109, -3650.001, 0],
		[150, "PAD58", "B", 1625.109, -3650.001, 0],
		[151, "PAD59", "T", 1871.575, -3650.001, 0],
		[152, "PAD59", "B", 1871.575, -3650.001, 0],
		[153, "PAD60", "T", 1970.015, -3650.001, 0],
		[154, "PAD60", "B", 1970.015, -3650.001, 0],
		[155, "PAD61", "T", 2068.435, -3650.001, 0],
		[156, "PAD61", "B", 2068.435, -3650.001, 0],
		[157, "PAD62", "T", 3635, -814.21, 0],
		[158, "PAD62", "B", 3635, -814.21, 0],
		[159, "PAD63", "T", 3635, -715.78, 0],
		[160, "PAD63", "B", 3635, -715.78, 0],
		[161, "PAD64", "T", 2322.36, -3630, 0],
		[162, "PAD64", "B", 2322.36, -3630, 0],
		[163, "PAD65", "T", 2420.79, -3630, 0],
		[164, "PAD65", "B", 2420.79, -3630, 0],
		[165, "PAD66", "T", 2519.21, -3630, 0],
		[166, "PAD66", "B", 2519.21, -3630, 0],
		[167, "PAD67", "T", 2617.64, -3630, 0],
		[168, "PAD67", "B", 2617.64, -3630, 0],
		[169, "PAD68", "T", 2872.36, -3630, 0],
		[170, "PAD68", "B", 2872.36, -3630, 0],
		[171, "PAD69", "T", 2970.79, -3630, 0],
		[172, "PAD69", "B", 2970.79, -3630, 0],
		[173, "PAD70", "T", 3069.21, -3630, 0],
		[174, "PAD70", "B", 3069.21, -3630, 0],
		[175, "PAD71", "T", 3167.64, -3630, 0],
		[176, "PAD71", "B", 3167.64, -3630, 0],
		[177, "PAD72", "T", 3635, -476.71, 0],
		[178, "PAD72", "B", 3635, -476.71, 0],
		[179, "PAD73", "T", 3635, -378.28, 0],
		[180, "PAD73", "B", 3635, -378.28, 0],
		[181, "PAD74", "T", 310, -715.79, 0],
		[182, "PAD74", "B", 310, -715.79, 0],
		[183, "PAD75", "T", 310, -814.22, 0],
		[184, "PAD75", "B", 310, -814.22, 0],
		[185, "PAD76", "T", 305, -378.29, 0],
		[186, "PAD76", "B", 305, -378.29, 0],
		[187, "PAD77", "T", 305, -476.72, 0],
		[188, "PAD77", "B", 305, -476.72, 0],
		[189, "PAD78", "T", 3147.51, -552.04, 0],
		[190, "PAD78", "B", 3147.51, -552.04, 0],
		[191, "PAD79", "T", 3147.52, -307.96, 0],
		[192, "PAD79", "B", 3147.52, -307.96, 0],
		[193, "PAD80", "T", 2962.47, -433.94, 0],
		[194, "PAD80", "B", 2962.47, -433.94, 0],
		[195, "PAD81", "T", 1900, -1180, 0],
		[196, "PAD81", "B", 1900, -1180, 0],
		[197, "PAD82", "T", 1900, -1280, 0],
		[198, "PAD82", "B", 1900, -1280, 0],
		[199, "PAD83", "T", 1900, -1380, 0],
		[200, "PAD83", "B", 1900, -1380, 0],
		[201, "PAD84", "T", 1900, -1480, 0],
		[202, "PAD84", "B", 1900, -1480, 0],
		[203, "PAD85", "T", 1900, -1580, 0],
		[204, "PAD85", "B", 1900, -1580, 0],
		[205, "PAD86", "T", 1900, -1680, 0],
		[206, "PAD86", "B", 1900, -1680, 0],
		[207, "PAD87", "T", 1900, -1780, 0],
		[208, "PAD87", "B", 1900, -1780, 0],
		[209, "PAD88", "T", 1900, -1880, 0],
		[210, "PAD88", "B", 1900, -1880, 0],
		[211, "PAD89", "T", 1900, -1980, 0],
		[212, "PAD89", "B", 1900, -1980, 0],
		[213, "PAD90", "T", 1900, -2080, 0],
		[214, "PAD90", "B", 1900, -2080, 0],
		[215, "PAD91", "T", 1900, -2180, 0],
		[216, "PAD91", "B", 1900, -2180, 0],
		[217, "PAD92", "T", 1900, -2280, 0],
		[218, "PAD92", "B", 1900, -2280, 0],
		[219, "PAD93", "T", 1900, -2380, 0],
		[220, "PAD93", "B", 1900, -2380, 0],
		[221, "PAD94", "T", 1900, -2480, 0],
		[222, "PAD94", "B", 1900, -2480, 0],
		[223, "PAD95", "T", 1900, -2580, 0],
		[224, "PAD95", "B", 1900, -2580, 0],
		[225, "PAD96", "T", 1900, -2680, 0],
		[226, "PAD96", "B", 1900, -2680, 0],
		[227, "PAD97", "T", 1900, -2780, 0],
		[228, "PAD97", "B", 1900, -2780, 0],
		[229, "PAD98", "T", 1900, -2880, 0],
		[230, "PAD98", "B", 1900, -2880, 0],
		[231, "PAD99", "T", 1900, -2980, 0],
		[232, "PAD99", "B", 1900, -2980, 0],
		[233, "PAD100", "T", 1900, -3080, 0],
		[234, "PAD100", "B", 1900, -3080, 0],
		[235, "PAD101", "T", 1300, -1180, 0],
		[236, "PAD101", "B", 1300, -1180, 0],
		[237, "PAD102", "T", 1300, -1280, 0],
		[238, "PAD102", "B", 1300, -1280, 0],
		[239, "PAD103", "T", 1300, -1380, 0],
		[240, "PAD103", "B", 1300, -1380, 0],
		[241, "PAD104", "T", 1300, -1480, 0],
		[242, "PAD104", "B", 1300, -1480, 0],
		[243, "PAD105", "T", 1300, -1580, 0],
		[244, "PAD105", "B", 1300, -1580, 0],
		[245, "PAD106", "T", 1300, -1680, 0],
		[246, "PAD106", "B", 1300, -1680, 0],
		[247, "PAD107", "T", 1300, -1780, 0],
		[248, "PAD107", "B", 1300, -1780, 0],
		[249, "PAD108", "T", 1300, -1880, 0],
		[250, "PAD108", "B", 1300, -1880, 0],
		[251, "PAD109", "T", 1300, -1980, 0],
		[252, "PAD109", "B", 1300, -1980, 0],
		[253, "PAD110", "T", 1300, -2080, 0],
		[254, "PAD110", "B", 1300, -2080, 0],
		[255, "PAD111", "T", 1300, -2180, 0],
		[256, "PAD111", "B", 1300, -2180, 0],
		[257, "PAD112", "T", 1300, -2280, 0],
		[258, "PAD112", "B", 1300, -2280, 0],
		[259, "PAD113", "T", 1300, -2380, 0],
		[260, "PAD113", "B", 1300, -2380, 0],
		[261, "PAD114", "T", 1300, -2480, 0],
		[262, "PAD114", "B", 1300, -2480, 0],
		[263, "PAD115", "T", 1300, -2580, 0],
		[264, "PAD115", "B", 1300, -2580, 0],
		[265, "PAD116", "T", 1300, -2680, 0],
		[266, "PAD116", "B", 1300, -2680, 0],
		[267, "PAD117", "T", 1300, -2780, 0],
		[268, "PAD117", "B", 1300, -2780, 0],
		[269, "PAD118", "T", 1300, -2880, 0],
		[270, "PAD118", "B", 1300, -2880, 0],
		[271, "PAD119", "T", 1300, -2980, 0],
		[272, "PAD119", "B", 1300, -2980, 0],
		[273, "PAD120", "T", 1300, -3080, 0],
		[274, "PAD120", "B", 1300, -3080, 0],
		[275, "PAD121", "T", 2425, -235, 0],
		[276, "PAD121", "B", 2425, -235, 0],
		[277, "PAD122", "T", 2425, -135, 0],
		[278, "PAD122", "B", 2425, -135, 0],
		[279, "PAD123", "T", 2425, -635, 0],
		[280, "PAD123", "B", 2425, -635, 0],
		[281, "PAD124", "T", 2425, -535, 0],
		[282, "PAD124", "B", 2425, -535, 0],
		[283, "PAD125", "T", 1725, -235, 0],
		[284, "PAD125", "B", 1725, -235, 0],
		[285, "PAD126", "T", 1725, -135, 0],
		[286, "PAD126", "B", 1725, -135, 0],
		[287, "PAD127", "T", 1725, -635, 0],
		[288, "PAD127", "B", 1725, -635, 0],
		[289, "PAD128", "T", 1725, -535, 0],
		[290, "PAD128", "B", 1725, -535, 0],
		[291, "PAD129", "T", 2205, -1180, 0],
		[292, "PAD129", "B", 2205, -1180, 0],
		[293, "PAD130", "T", 2205, -1280, 0],
		[294, "PAD130", "B", 2205, -1280, 0],
		[295, "PAD131", "T", 2205, -1380, 0],
		[296, "PAD131", "B", 2205, -1380, 0],
		[297, "PAD132", "T", 2205, -1480, 0],
		[298, "PAD132", "B", 2205, -1480, 0],
		[299, "PAD133", "T", 2205, -1580, 0],
		[300, "PAD133", "B", 2205, -1580, 0],
		[301, "PAD134", "T", 2205, -1680, 0],
		[302, "PAD134", "B", 2205, -1680, 0],
		[303, "PAD135", "T", 2205, -1780, 0],
		[304, "PAD135", "B", 2205, -1780, 0],
		[305, "PAD136", "T", 2205, -1880, 0],
		[306, "PAD136", "B", 2205, -1880, 0],
		[307, "PAD137", "T", 2205, -1980, 0],
		[308, "PAD137", "B", 2205, -1980, 0],
		[309, "PAD138", "T", 2205, -2080, 0],
		[310, "PAD138", "B", 2205, -2080, 0],
		[311, "PAD139", "T", 2205, -2180, 0],
		[312, "PAD139", "B", 2205, -2180, 0],
		[313, "PAD140", "T", 2205, -2280, 0],
		[314, "PAD140", "B", 2205, -2280, 0],
		[315, "PAD141", "T", 2205, -2380, 0],
		[316, "PAD141", "B", 2205, -2380, 0],
		[317, "PAD142", "T", 2205, -2480, 0],
		[318, "PAD142", "B", 2205, -2480, 0],
		[319, "PAD143", "T", 2205, -2580, 0],
		[320, "PAD143", "B", 2205, -2580, 0],
		[321, "PAD144", "T", 2205, -2680, 0],
		[322, "PAD144", "B", 2205, -2680, 0],
		[323, "PAD145", "T", 2205, -2780, 0],
		[324, "PAD145", "B", 2205, -2780, 0],
		[325, "PAD146", "T", 2205, -2880, 0],
		[326, "PAD146", "B", 2205, -2880, 0],
		[327, "PAD147", "T", 2205, -2980, 0],
		[328, "PAD147", "B", 2205, -2980, 0],
		[329, "PAD148", "T", 2205, -3080, 0],
		[330, "PAD148", "B", 2205, -3080, 0],
		[331, "PAD149", "T", 995, -1180, 0],
		[332, "PAD149", "B", 995, -1180, 0],
		[333, "PAD150", "T", 995, -1280, 0],
		[334, "PAD150", "B", 995, -1280, 0],
		[335, "PAD151", "T", 995, -1380, 0],
		[336, "PAD151", "B", 995, -1380, 0],
		[337, "PAD152", "T", 995, -1480, 0],
		[338, "PAD152", "B", 995, -1480, 0],
		[339, "PAD153", "T", 995, -1580, 0],
		[340, "PAD153", "B", 995, -1580, 0],
		[341, "PAD154", "T", 995, -1680, 0],
		[342, "PAD154", "B", 995, -1680, 0],
		[343, "PAD155", "T", 995, -1780, 0],
		[344, "PAD155", "B", 995, -1780, 0],
		[345, "PAD156", "T", 995, -1880, 0],
		[346, "PAD156", "B", 995, -1880, 0],
		[347, "PAD157", "T", 995, -1980, 0],
		[348, "PAD157", "B", 995, -1980, 0],
		[349, "PAD158", "T", 995, -2080, 0],
		[350, "PAD158", "B", 995, -2080, 0],
		[351, "PAD159", "T", 995, -2180, 0],
		[352, "PAD159", "B", 995, -2180, 0],
		[353, "PAD160", "T", 995, -2280, 0],
		[354, "PAD160", "B", 995, -2280, 0],
		[355, "PAD161", "T", 995, -2380, 0],
		[356, "PAD161", "B", 995, -2380, 0],
		[357, "PAD162", "T", 995, -2480, 0],
		[358, "PAD162", "B", 995, -2480, 0],
		[359, "PAD163", "T", 995, -2580, 0],
		[360, "PAD163", "B", 995, -2580, 0],
		[361, "PAD164", "T", 995, -2680, 0],
		[362, "PAD164", "B", 995, -2680, 0],
		[363, "PAD165", "T", 995, -2780, 0],
		[364, "PAD165", "B", 995, -2780, 0],
		[365, "PAD166", "T", 995, -2880, 0],
		[366, "PAD166", "B", 995, -2880, 0],
		[367, "PAD167", "T", 995, -2980, 0],
		[368, "PAD167", "B", 995, -2980, 0],
		[369, "PAD168", "T", 995, -3080, 0],
		[370, "PAD168", "B", 995, -3080, 0],
		[371, "PAD169", "T", 2560, -1115, 0],
		[372, "PAD169", "B", 2560, -1115, 0],
		[373, "PAD170", "T", 2560, -1015, 0],
		[374, "PAD170", "B", 2560, -1015, 0],
		[375, "PAD171", "T", 2560, -915, 0],
		[376, "PAD171", "B", 2560, -915, 0],
		[377, "PAD172", "T", 3100, -830, 0],
		[378, "PAD172", "B", 3100, -830, 0],
		[379, "PAD173", "T", 3100, -930, 0],
		[380, "PAD173", "B", 3100, -930, 0],
		[381, "PAD174", "T", 3100, -1030, 0],
		[382, "PAD174", "B", 3100, -1030, 0],
		[383, "PAD175", "T", 3855, -1825, 0],
		[384, "PAD175", "B", 3855, -1825, 0],
		[385, "PAD176", "T", 3755, -1825, 0],
		[386, "PAD176", "B", 3755, -1825, 0],
		[387, "PAD177", "T", 3655, -1825, 0],
		[388, "PAD177", "B", 3655, -1825, 0],
		[389, "PAD178", "T", 3555, -1825, 0],
		[390, "PAD178", "B", 3555, -1825, 0],
		[391, "PAD179", "T", 3855.83, -1505.92, 0],
		[392, "PAD179", "B", 3855.83, -1505.92, 0],
		[393, "PAD180", "T", 3755.83, -1505.92, 0],
		[394, "PAD180", "B", 3755.83, -1505.92, 0],
		[395, "PAD181", "T", 3655.83, -1505.92, 0],
		[396, "PAD181", "B", 3655.83, -1505.92, 0],
		[397, "PAD182", "T", 3555.83, -1505.92, 0],
		[398, "PAD182", "B", 3555.83, -1505.92, 0],
		[399, "PAD183", "T", 3855, -1190, 0],
		[400, "PAD183", "B", 3855, -1190, 0],
		[401, "PAD184", "T", 3755, -1190, 0],
		[402, "PAD184", "B", 3755, -1190, 0],
		[403, "PAD185", "T", 3655, -1190, 0],
		[404, "PAD185", "B", 3655, -1190, 0],
		[405, "PAD186", "T", 3555, -1190, 0],
		[406, "PAD186", "B", 3555, -1190, 0],
		[407, "PAD187", "T", 2310, -3465, 0],
		[408, "PAD187", "B", 2310, -3465, 0],
		[409, "PAD188", "T", 2410, -3465, 0],
		[410, "PAD188", "B", 2410, -3465, 0],
		[411, "PAD189", "T", 2510, -3465, 0],
		[412, "PAD189", "B", 2510, -3465, 0],
		[413, "PAD190", "T", 2610, -3465, 0],
		[414, "PAD190", "B", 2610, -3465, 0],
		[415, "PAD191", "T", 2870, -3475, 0],
		[416, "PAD191", "B", 2870, -3475, 0],
		[417, "PAD192", "T", 2970, -3475, 0],
		[418, "PAD192", "B", 2970, -3475, 0],
		[419, "PAD193", "T", 3070, -3475, 0],
		[420, "PAD193", "B", 3070, -3475, 0],
		[421, "PAD194", "T", 3170, -3475, 0],
		[422, "PAD194", "B", 3170, -3475, 0],
		[423, "PAD195", "T", 2520, -1470, 0],
		[424, "PAD195", "B", 2520, -1470, 0],
		[425, "PAD196", "T", 2520, -1570, 0],
		[426, "PAD196", "B", 2520, -1570, 0],
		[427, "PAD197", "T", 2520, -1670, 0],
		[428, "PAD197", "B", 2520, -1670, 0],
		[429, "PAD198", "T", 2520, -1770, 0],
		[430, "PAD198", "B", 2520, -1770, 0],
		[431, "PAD199", "T", 1684.66, -2170, 0],
		[432, "PAD200", "T", 1625.34, -2170, 0],
		[433, "PAD201", "T", 1625.34, -2237.5, 0],
		[434, "PAD202", "T", 1684.66, -2237.5, 0],
		[435, "PAD203", "T", 1684.66, -2305, 0],
		[436, "PAD204", "T", 1625.34, -2305, 0],
		[437, "PAD205", "T", 3886.77, -2207.84, 0],
		[438, "PAD206", "T", 3886.77, -2562.16, 0],
		[439, "PAD207", "T", 3733.22, -2207.83, 0],
		[440, "PAD208", "T", 3733.22, -2562.16, 0],
		[441, "PAD209", "T", 3728.23, -3137.16, 0],
		[442, "PAD210", "T", 3728.23, -2782.84, 0],
		[443, "PAD211", "T", 3881.78, -3137.17, 0],
		[444, "PAD212", "T", 3881.78, -2782.84, 0],
		[445, "PAD213", "T", 2760, -525.04, 0],
		[446, "PAD213", "B", 2760, -525.04, 0],
		[447, "PAD214", "T", 2760, -340, 0],
		[448, "PAD214", "B", 2760, -340, 0],
		[449, "PAD215", "T", 730.06, -2479.91, 0],
		[450, "PAD215", "B", 730.06, -2479.91, 0],
		[451, "PAD216", "T", 630.04, -2479.95, 0],
		[452, "PAD216", "B", 630.04, -2479.95, 0],
		[453, "PAD217", "T", 530.04, -2479.95, 0],
		[454, "PAD217", "B", 530.04, -2479.95, 0],
		[455, "PAD218", "T", 430.04, -2479.95, 0],
		[456, "PAD218", "B", 430.04, -2479.95, 0],
		[457, "PAD219", "T", 429.94, -2380.05, 0],
		[458, "PAD219", "B", 429.94, -2380.05, 0],
		[459, "PAD220", "T", 629.94, -2380.05, 0],
		[460, "PAD220", "B", 629.94, -2380.05, 0],
		[461, "PAD221", "T", 729.94, -2380.05, 0],
		[462, "PAD221", "B", 729.94, -2380.05, 0]
	]
},
"pins": {
	"fields": ["PIN_NO", "PIN_NAME", "PIN_X", "PIN_Y", "LAYER", "PIN_TYPE", "NET_NAME", "NET_TYPE", "PAD_SHAPE", "PAD_SIZEX", "PAD_SIZEY", "HOLE_SIZE", "HOLE_LEN", "PAD_ANGLE"],
	"rows": [
		[1, "CN1_1", 541.6, -3650, "T", "DIP", "3.3V", "", "R", 62.992, 62.992, 43.308, 43.308, 180],
		[2, "CN1_1", 541.6, -3650, "B", "DIP", "3.3V", "", "R", 62.992, 62.992, 43.308, 43.308, 180],
		[3, "CN1_2", 640.04, -3650, "T", "DIP", "GND", "GND", "C", 62.992, 62.992, 43.308, 43.308, 180],
		[4, "CN1_2", 640.04, -3650, "B", "DIP", "GND", "GND", "C", 62.992, 62.992, 43.308, 43.308, 180],
		[5, "CN1_3", 738.46, -3650, "T", "DIP", "PB5", "", "C", 62.992, 62.992, 43.308, 43.308, 180],
		[6, "CN1_3", 738.46, -3650, "B", "DIP", "PB5", "", "C", 62.992, 62.992, 43.308, 43.308, 180],
		[7, "CN2_1", 984.923, -3650.001, "T", "DIP", "5V", "", "R", 62.992, 62.992, 43.308, 43.308, 180],
		[8, "CN2_1", 984.923, -3650.001, "B", "DIP", "5V", "", "R", 62.992, 62.992, 43.308, 43.308, 180],
		[9, "CN2_2", 1083.363, -3650.001, "T", "DIP", "GND", "GND", "C", 62.992, 62.992, 43.308, 43.308, 180],
		[10, "CN2_2", 1083.363, -3650.001, "B", "DIP", "GND", "GND", "C", 62.992, 62.992, 43.308, 43.308, 180],
		[11, "CN2_3", 1181.783, -3650.001, "T", "DIP", "PB4", "", "C", 62.992, 62.992, 43.308, 43.308, 180],
		[12, "CN2_3", 1181.783, -3650.001, "B", "DIP", "PB4", "", "C", 62.992, 62.992, 43.308, 43.308, 180],
		[13, "CN3_1", 1428.249, -3650.001, "T", "DIP", "5V", "", "R", 62.992, 62.992, 43.308, 43.308, 180],
		[14, "CN3_1", 1428.249, -3650.001, "B", "DIP", "5V", "", "R", 62.992, 62.992, 43.308, 43.308, 180],
		[15, "CN3_2", 1526.689, -3650.001, "T", "DIP", "GND", "GND", "C", 62.992, 62.992, 43.308, 43.308, 180],
		[16, "CN3_2", 1526.689, -3650.001, "B", "DIP", "GND", "GND", "C", 62.992, 62.992, 43.308, 43.308, 180],
		[17, "CN3_3", 1625.109, -3650.001, "T", "DIP", "PB3", "", "C", 62.992, 62.992, 43.308, 43.308, 180],
		[18, "CN3_3", 1625.109, -3650.001, "B", "DIP", "PB3", "", "C", 62.992, 62.992, 43.308, 43.308, 180],
		[19, "CN4_1", 1871.575, -3650.001, "T", "DIP", "5V", "", "R", 62.992, 62.992, 43.308, 43.308, 180],
		[20, "CN4_1", 1871.575, -3650.001, "B", "DIP", "5V", "", "R", 62.992, 62.992, 43.308, 43.308, 180],
		[21, "CN4_2", 1970.015, -3650.001, "T", "DIP", "GND", "GND", "C", 62.992, 62.992, 43.308, 43.308, 180],
		[22, "CN4_2", 1970.015, -3650.001, "B", "DIP", "GND", "GND", "C", 62.992, 62.992, 43.308, 43.308, 180],
		[23, "CN4_3", 2068.435, -3650.001, "T", "DIP", "PA15", "", "C", 62.992, 62.992, 43.308, 43.308, 180],
		[24, "CN4_3", 2068.435, -3650.001, "B", "DIP", "PA15", "", "C", 62.992, 62.992, 43.308, 43.308, 180],
		[25, "CN5_1", 3635, -814.21, "T", "DIP", "AO2", "", "C", 70.866, 70.866, 43.308, 43.308, 90],
		[26, "CN5_1", 3635, -814.21, "B", "DIP", "AO2", "", "C", 70.866, 70.866, 43.308, 43.308, 90],
		[27, "CN5_2", 3635, -715.78, "T", "DIP", "AO1", "", "C", 70.866, 70.866, 43.308, 43.308, 90],
		[28, "CN5_2", 3635, -715.78, "B", "DIP", "AO1", "", "C", 70.866, 70.866, 43.308, 43.308, 90],
		[29, "CN6_1", 2322.36, -3630, "T", "DIP", "PA2", "", "C", 70.866, 70.866, 43.308, 43.308, 0],
		[30, "CN6_1", 2322.36, -3630, "B", "DIP", "PA2", "", "C", 70.866, 70.866, 43.308, 43.308, 0],
		[31, "CN6_2", 2420.79, -3630, "T", "DIP", "PA3", "", "C", 70.866, 70.866, 43.308, 43.308, 0],
		[32, "CN6_2", 2420.79, -3630, "B", "DIP", "PA3", "", "C", 70.866, 70.866, 43.308, 43.308, 0],
		[33, "CN6_3", 2519.21, -3630, "T", "DIP", "GND", "GND", "C", 70.866, 70.866, 43.308, 43.308, 0],
		[34, "CN6_3", 2519.21, -3630, "B", "DIP", "GND", "GND", "C", 70.866, 70.866, 43.308, 43.308, 0],
		[35, "CN6_4", 2617.64, -3630, "T", "DIP", "5V", "", "C", 70.866, 70.866, 43.308, 43.308, 0],
		[36, "CN6_4", 2617.64, -3630, "B", "DIP", "5V", "", "C", 70.866, 70.866, 43.308, 43.308, 0],
		[37, "CN7_1", 2872.36, -3630, "T", "DIP", "5V", "", "C", 70.866, 70.866, 43.308, 43.308, 0],
		[38, "CN7_1", 2872.36, -3630, "B", "DIP", "5V", "", "C", 70.866, 70.866, 43.308, 43.308, 0],
		[39, "CN7_2", 2970.79, -3630, "T", "DIP", "PA0", "", "C", 70.866, 70.866, 43.308, 43.308, 0],
		[40, "CN7_2", 2970.79, -3630, "B", "DIP", "PA0", "", "C", 70.866, 70.866, 43.308, 43.308, 0],
		[41, "CN7_3", 3069.21, -3630, "T", "DIP", "PA1", "", "C", 70.866, 70.866, 43.308, 43.308, 0],
		[42, "CN7_3", 3069.21, -3630, "B", "DIP", "PA1", "", "C", 70.866, 70.866, 43.308, 43.308, 0],
		[43, "CN7_4", 3167.64, -3630, "T", "DIP", "GND", "GND", "C", 70.866, 70.866, 43.308, 43.308, 0],
		[44, "CN7_4", 3167.64, -3630, "B", "DIP", "GND", "GND", "C", 70.866, 70.866, 43.308, 43.308, 0],
		[45, "CN8_1", 3635, -476.71, "T", "DIP", "AO2", "", "C", 70.866, 70.866, 43.308, 43.308, 90],
		[46, "CN8_1", 3635, -476.71, "B", "DIP", "AO2", "", "C", 70.866, 70.866, 43.308, 43.308, 90],
		[47, "CN8_2", 3635, -378.28, "T", "DIP", "AO1", "", "C", 70.866, 70.866, 43.308, 43.308, 90],
		[48, "CN8_2", 3635, -378.28, "B", "DIP", "AO1", "", "C", 70.866, 70.866, 43.308, 43.308, 90],
		[49, "CN9_1", 310, -715.79, "T", "DIP", "BO2", "", "C", 70.866, 70.866, 43.308, 43.308, 270],
		[50, "CN9_1", 310, -715.79, "B", "DIP", "BO2", "", "C", 70.866, 70.866, 43.308, 43.308, 270],
		[51, "CN9_2", 310, -814.22, "T", "DIP", "BO1", "", "C", 70.866, 70.866, 43.308, 43.308, 270],
		[52, "CN9_2", 310, -814.22, "B", "DIP", "BO1", "", "C", 70.866, 70.866, 43.308, 43.308, 270],
		[53, "CN10_1", 305, -378.29, "T", "DIP", "BO2", "", "C", 70.866, 70.866, 43.308, 43.308, 270],
		[54, "CN10_1", 305, -378.29, "B", "DIP", "BO2", "", "C", 70.866, 70.866, 43.308, 43.308, 270],
		[55, "CN10_2", 305, -476.72, "T", "DIP", "BO1", "", "C", 70.866, 70.866, 43.308, 43.308, 270],
		[56, "CN10_2", 305, -476.72, "B", "DIP", "BO1", "", "C", 70.866, 70.866, 43.308, 43.308, 270],
		[57, "DC1_1", 3147.51, -552.04, "T", "DIP", "DC1_1", "", "O", 78.74, 181.102, 47.244, 145.67, 270],
		[58, "DC1_1", 3147.51, -552.04, "B", "DIP", "DC1_1", "", "O", 78.74, 181.102, 47.244, 145.67, 270],
		[59, "DC1_2", 3147.52, -307.96, "T", "DIP", "GND", "GND", "O", 78.74, 181.102, 47.244, 145.67, 90],
		[60, "DC1_2", 3147.52, -307.96, "B", "DIP", "GND", "GND", "O", 78.74, 181.102, 47.244, 145.67, 90],
		[61, "DC1_3", 2962.47, -433.94, "T", "DIP", "GND", "GND", "O", 181.102, 78.74, 47.244, 145.67, 270],
		[62, "DC1_3", 2962.47, -433.94, "B", "DIP", "GND", "GND", "O", 181.102, 78.74, 47.244, 145.67, 270],
		[63, "H1_1", 1900, -3080, "T", "DIP", "VBAT", "", "R", 62, 62, 35, 35, 90],
		[64, "H1_1", 1900, -3080, "B", "DIP", "VBAT", "", "R", 62, 62, 35, 35, 90],
		[65, "H1_2", 1900, -2980, "T", "DIP", "PC13", "", "C", 62, 62, 35, 35, 90],
		[66, "H1_2", 1900, -2980, "B", "DIP", "PC13", "", "C", 62, 62, 35, 35, 90],
		[67, "H1_3", 1900, -2880, "T", "DIP", "PC14", "", "C", 62, 62, 35, 35, 90],
		[68, "H1_3", 1900, -2880, "B", "DIP", "PC14", "", "C", 62, 62, 35, 35, 90],
		[69, "H1_4", 1900, -2780, "T", "DIP", "PC15", "", "C", 62, 62, 35, 35, 90],
		[70, "H1_4", 1900, -2780, "B", "DIP", "PC15", "", "C", 62, 62, 35, 35, 90],
		[71, "H1_5", 1900, -2680, "T", "DIP", "PA0", "", "C", 62, 62, 35, 35, 90],
		[72, "H1_5", 1900, -2680, "B", "DIP", "PA0", "", "C", 62, 62, 35, 35, 90],
		[73, "H1_6", 1900, -2580, "T", "DIP", "PA1", "", "C", 62, 62, 35, 35, 90],
		[74, "H1_6", 1900, -2580, "B", "DIP", "PA1", "", "C", 62, 62, 35, 35, 90],
		[75, "H1_7", 1900, -2480, "T", "DIP", "PA2", "", "C", 62, 62, 35, 35, 90],
		[76, "H1_7", 1900, -2480, "B", "DIP", "PA2", "", "C", 62, 62, 35, 35, 90],
		[77, "H1_8", 1900, -2380, "T", "DIP", "PA3", "", "C", 62, 62, 35, 35, 90],
		[78, "H1_8", 1900, -2380, "B", "DIP", "PA3", "", "C", 62, 62, 35, 35, 90],
		[79, "H1_9", 1900, -2280, "T", "DIP", "PA4", "", "C", 62, 62, 35, 35, 90],
		[80, "H1_9", 1900, -2280, "B", "DIP", "PA4", "", "C", 62, 62, 35, 35, 90],
		[81, "H1_10", 1900, -2180, "T", "DIP", "PA5", "", "C", 62, 62, 35, 35, 90],
		[82, "H1_10", 1900, -2180, "B", "DIP", "PA5", "", "C", 62, 62, 35, 35, 90],
		[83, "H1_11", 1900, -2080, "T", "DIP", "PA6", "", "C", 62, 62, 35, 35, 90],
		[84, "H1_11", 1900, -2080, "B", "DIP", "PA6", "", "C", 62, 62, 35, 35, 90],
		[85, "H1_12", 1900, -1980, "T", "DIP", "PA7", "", "C", 62, 62, 35, 35, 90],
		[86, "H1_12", 1900, -1980, "B", "DIP", "PA7", "", "C", 62, 62, 35, 35, 90],
		[87, "H1_13", 1900, -1880, "T", "DIP", "PB0", "", "C", 62, 62, 35, 35, 90],
		[88, "H1_13", 1900, -1880, "B", "DIP", "PB0", "", "C", 62, 62, 35, 35, 90],
		[89, "H1_14", 1900, -1780, "T", "DIP", "PB1", "", "C", 62, 62, 35, 35, 90],
		[90, "H1_14", 1900, -1780, "B", "DIP", "PB1", "", "C", 62, 62, 35, 35, 90],
		[91, "H1_15", 1900, -1680, "T", "DIP", "PB10", "", "C", 62, 62, 35, 35, 90],
		[92, "H1_15", 1900, -1680, "B", "DIP", "PB10", "", "C", 62, 62, 35, 35, 90],
		[93, "H1_16", 1900, -1580, "T", "DIP", "PB11", "", "C", 62, 62, 35, 35, 90],
		[94, "H1_16", 1900, -1580, "B", "DIP", "PB11", "", "C", 62, 62, 35, 35, 90],
		[95, "H1_17", 1900, -1480, "T", "DIP", "NRST", "", "C", 62, 62, 35, 35, 90],
		[96, "H1_17", 1900, -1480, "B", "DIP", "NRST", "", "C", 62, 62, 35, 35, 90],
		[97, "H1_18", 1900, -1380, "T", "DIP", "3.3V", "", "C", 62, 62, 35, 35, 90],
		[98, "H1_18", 1900, -1380, "B", "DIP", "3.3V", "", "C", 62, 62, 35, 35, 90],
		[99, "H1_19", 1900, -1280, "T", "DIP", "GND", "GND", "C", 62, 62, 35, 35, 90],
		[100, "H1_19", 1900, -1280, "B", "DIP", "GND", "GND", "C", 62, 62, 35, 35, 90],
		[101, "H1_20", 1900, -1180, "T", "DIP", "GND", "GND", "C", 62, 62, 35, 35, 90],
		[102, "H1_20", 1900, -1180, "B", "DIP", "GND", "GND", "C", 62, 62, 35, 35, 90],
		[103, "H2_1", 1300, -3080, "T", "DIP", "3.3V", "", "R", 62, 62, 35, 35, 90],
		[104, "H2_1", 1300, -3080, "B", "DIP", "3.3V", "", "R", 62, 62, 35, 35, 90],
		[105, "H2_2", 1300, -2980, "T", "DIP", "GND", "GND", "C", 62, 62, 35, 35, 90],
		[106, "H2_2", 1300, -2980, "B", "DIP", "GND", "GND", "C", 62, 62, 35, 35, 90],
		[107, "H2_3", 1300, -2880, "T", "DIP", "5V", "", "C", 62, 62, 35, 35, 90],
		[108, "H2_3", 1300, -2880, "B", "DIP", "5V", "", "C", 62, 62, 35, 35, 90],
		[109, "H2_4", 1300, -2780, "T", "DIP", "PB9", "", "C", 62, 62, 35, 35, 90],
		[110, "H2_4", 1300, -2780, "B", "DIP", "PB9", "", "C", 62, 62, 35, 35, 90],
		[111, "H2_5", 1300, -2680, "T", "DIP", "PB8", "", "C", 62, 62, 35, 35, 90],
		[112, "H2_5", 1300, -2680, "B", "DIP", "PB8", "", "C", 62, 62, 35, 35, 90],
		[113, "H2_6", 1300, -2580, "T", "DIP", "PB7", "", "C", 62, 62, 35, 35, 90],
		[114, "H2_6", 1300, -2580, "B", "DIP", "PB7", "", "C", 62, 62, 35, 35, 90],
		[115, "H2_7", 1300, -2480, "T", "DIP", "PB6", "", "C", 62, 62, 35, 35, 90],
		[116, "H2_7", 1300, -2480, "B", "DIP", "PB6", "", "C", 62, 62, 35, 35, 90],
		[117, "H2_8", 1300, -2380, "T", "DIP", "PB5", "", "C", 62, 62, 35, 35, 90],
		[118, "H2_8", 1300, -2380, "B", "DIP", "PB5", "", "C", 62, 62, 35, 35, 90],
		[119, "H2_9", 1300, -2280, "T", "DIP", "PB4", "", "C", 62, 62, 35, 35, 90],
		[120, "H2_9", 1300, -2280, "B", "DIP", "PB4", "", "C", 62, 62, 35, 35, 90],
		[121, "H2_10", 1300, -2180, "T", "DIP", "PB3", "", "C", 62, 62, 35, 35, 90],
		[122, "H2_10", 1300, -2180, "B", "DIP", "PB3", "", "C", 62, 62, 35, 35, 90],
		[123, "H2_11", 1300, -2080, "T", "DIP", "PA15", "", "C", 62, 62, 35, 35, 90],
		[124, "H2_11", 1300, -2080, "B", "DIP", "PA15", "", "C", 62, 62, 35, 35, 90],
		[125, "H2_12", 1300, -1980, "T", "DIP", "PA12", "", "C", 62, 62, 35, 35, 90],
		[126, "H2_12", 1300, -1980, "B", "DIP", "PA12", "", "C", 62, 62, 35, 35, 90],
		[127, "H2_13", 1300, -1880, "T", "DIP", "PA11", "", "C", 62, 62, 35, 35, 90],
		[128, "H2_13", 1300, -1880, "B", "DIP", "PA11", "", "C", 62, 62, 35, 35, 90],
		[129, "H2_14", 1300, -1780, "T", "DIP", "PA10", "", "C", 62, 62, 35, 35, 90],
		[130, "H2_14", 1300, -1780, "B", "DIP", "PA10", "", "C", 62, 62, 35, 35, 90],
		[131, "H2_15", 1300, -1680, "T", "DIP", "PA9", "", "C", 62, 62, 35, 35, 90],
		[132, "H2_15", 1300, -1680, "B", "DIP", "PA9", "", "C", 62, 62, 35, 35, 90],
		[133, "H2_16", 1300, -1580, "T", "DIP", "PA8", "", "C", 62, 62, 35, 35, 90],
		[134, "H2_16", 1300, -1580, "B", "DIP", "PA8", "", "C", 62, 62, 35, 35, 90],
		[135, "H2_17", 1300, -1480, "T", "DIP", "PB15", "", "C", 62, 62, 35, 35, 90],
		[136, "H2_17", 1300, -1480, "B", "DIP", "PB15", "", "C", 62, 62, 35, 35, 90],
		[137, "H2_18", 1300, -1380, "T", "DIP", "PB14", "", "C", 62, 62, 35, 35, 90],
		[138, "H2_18", 1300, -1380, "B", "DIP", "PB14", "", "C", 62, 62, 35, 35, 90],
		[139, "H2_19", 1300, -1280, "T", "DIP", "PB13", "", "C", 62, 62, 35, 35, 90],
		[140, "H2_19", 1300, -1280, "B", "DIP", "PB13", "", "C", 62, 62, 35, 35, 90],
		[141, "H2_20", 1300, -1180, "T", "DIP", "PB12", "", "C", 62, 62, 35, 35, 90],
		[142, "H2_20", 1300, -1180, "B", "DIP", "PB12", "", "C", 62, 62, 35, 35, 90],
		[143, "H3_1", 2425, -235, "T", "DIP", "VBAT_IN", "", "R", 62, 62, 35, 35, 0],
		[144, "H3_1", 2425, -235, "B", "DIP", "VBAT_IN", "", "R", 62, 62, 35, 35, 0],
		[145, "H3_2", 2425, -135, "T", "DIP", "VBAT_IN", "", "C", 62, 62, 35, 35, 0],
		[146, "H3_2", 2425, -135, "B", "DIP", "VBAT_IN", "", "C", 62, 62, 35, 35, 0],
		[147, "H4_1", 2425, -635, "T", "DIP", "GND", "GND", "R", 62, 62, 35, 35, 0],
		[148, "H4_1", 2425, -635, "B", "DIP", "GND", "GND", "R", 62, 62, 35, 35, 0],
		[149, "H4_2", 2425, -535, "T", "DIP", "GND", "GND", "C", 62, 62, 35, 35, 0],
		[150, "H4_2", 2425, -535, "B", "DIP", "GND", "GND", "C", 62, 62, 35, 35, 0],
		[151, "H5_1", 1725, -235, "T", "DIP", "5V", "", "R", 62, 62, 35, 35, 0],
		[152, "H5_1", 1725, -235, "B", "DIP", "5V", "", "R", 62, 62, 35, 35, 0],
		[153, "H5_2", 1725, -135, "T", "DIP", "5V", "", "C", 62, 62, 35, 35, 0],
		[154, "H5_2", 1725, -135, "B", "DIP", "5V", "", "C", 62, 62, 35, 35, 0],
		[155, "H6_1", 1725, -635, "T", "DIP", "GND", "GND", "R", 62, 62, 35, 35, 0],
		[156, "H6_1", 1725, -635, "B", "DIP", "GND", "GND", "R", 62, 62, 35, 35, 0],
		[157, "H6_2", 1725, -535, "T", "DIP", "GND", "GND", "C", 62, 62, 35, 35, 0],
		[158, "H6_2", 1725, -535, "B", "DIP", "GND", "GND", "C", 62, 62, 35, 35, 0],
		[159, "H8_1", 3415.75, -2138.94, "T", "DIP", "GND", "GND", "C", 137.795, 137.795, 78.74, 78.74, 90],
		[160, "H8_1", 3415.75, -2138.94, "B", "DIP", "GND", "GND", "C", 137.795, 137.795, 78.74, 78.74, 90],
		[161, "H8_1", 3415.75, -3056.26, "T", "DIP", "GND", "GND", "C", 137.795, 137.795, 78.74, 78.74, 90],
		[162, "H8_1", 3415.75, -3056.26, "B", "DIP", "GND", "GND", "C", 137.795, 137.795, 78.74, 78.74, 90],
		[163, "H8_1", 2478.74, -2138.94, "T", "DIP", "GND", "GND", "C", 137.795, 137.795, 78.74, 78.74, 90],
		[164, "H8_1", 2478.74, -2138.94, "B", "DIP", "GND", "GND", "C", 137.795, 137.795, 78.74, 78.74, 90],
		[165, "H8_1", 2478.74, -3056.26, "T", "DIP", "GND", "GND", "C", 137.795, 137.795, 78.74, 78.74, 90],
		[166, "H8_1", 2478.74, -3056.26, "B", "DIP", "GND", "GND", "C", 137.795, 137.795, 78.74, 78.74, 90],
		[167, "H8_1", 2459.06, -2747.6, "T", "DIP", "GND", "GND", "R", 62, 62, 35, 35, 90],
		[168, "H8_1", 2459.06, -2747.6, "B", "DIP", "GND", "GND", "R", 62, 62, 35, 35, 90],
		[169, "H8_2", 2459.06, -2647.6, "T", "DIP", "3.3V", "", "C", 62, 62, 35, 35, 90],
		[170, "H8_2", 2459.06, -2647.6, "B", "DIP", "3.3V", "", "C", 62, 62, 35, 35, 90],
		[171, "H8_3", 2459.06, -2547.6, "T", "DIP", "PC14", "", "C", 62, 62, 35, 35, 90],
		[172, "H8_3", 2459.06, -2547.6, "B", "DIP", "PC14", "", "C", 62, 62, 35, 35, 90],
		[173, "H8_4", 2459.06, -2447.6, "T", "DIP", "PC15", "", "C", 62, 62, 35, 35, 90],
		[174, "H8_4", 2459.06, -2447.6, "B", "DIP", "PC15", "", "C", 62, 62, 35, 35, 90],
		[175, "H9_1", 2205, -3080, "T", "DIP", "VBAT", "", "R", 62, 62, 35, 35, 90],
		[176, "H9_1", 2205, -3080, "B", "DIP", "VBAT", "", "R", 62, 62, 35, 35, 90],
		[177, "H9_2", 2205, -2980, "T", "DIP", "PC13", "", "C", 62, 62, 35, 35, 90],
		[178, "H9_2", 2205, -2980, "B", "DIP", "PC13", "", "C", 62, 62, 35, 35, 90],
		[179, "H9_3", 2205, -2880, "T", "DIP", "PC14", "", "C", 62, 62, 35, 35, 90],
		[180, "H9_3", 2205, -2880, "B", "DIP", "PC14", "", "C", 62, 62, 35, 35, 90],
		[181, "H9_4", 2205, -2780, "T", "DIP", "PC15", "", "C", 62, 62, 35, 35, 90],
		[182, "H9_4", 2205, -2780, "B", "DIP", "PC15", "", "C", 62, 62, 35, 35, 90],
		[183, "H9_5", 2205, -2680, "T", "DIP", "PA0", "", "C", 62, 62, 35, 35, 90],
		[184, "H9_5", 2205, -2680, "B", "DIP", "PA0", "", "C", 62, 62, 35, 35, 90],
		[185, "H9_6", 2205, -2580, "T", "DIP", "PA1", "", "C", 62, 62, 35, 35, 90],
		[186, "H9_6", 2205, -2580, "B", "DIP", "PA1", "", "C", 62, 62, 35, 35, 90],
		[187, "H9_7", 2205, -2480, "T", "DIP", "PA2", "", "C", 62, 62, 35, 35, 90],
		[188, "H9_7", 2205, -2480, "B", "DIP", "PA2", "", "C", 62, 62, 35, 35, 90],
		[189, "H9_8", 2205, -2380, "T", "DIP", "PA3", "", "C", 62, 62, 35, 35, 90],
		[190, "H9_8", 2205, -2380, "B", "DIP", "PA3", "", "C", 62, 62, 35, 35, 90],
		[191, "H9_9", 2205, -2280, "T", "DIP", "PA4", "", "C", 62, 62, 35, 35, 90],
		[192, "H9_9", 2205, -2280, "B", "DIP", "PA4", "", "C", 62, 62, 35, 35, 90],
		[193, "H9_10", 2205, -2180, "T", "DIP", "PA5", "", "C", 62, 62, 35, 35, 90],
		[194, "H9_10", 2205, -2180, "B", "DIP", "PA5", "", "C", 62, 62, 35, 35, 90],
		[195, "H9_11", 2205, -2080, "T", "DIP", "PA6", "", "C", 62, 62, 35, 35, 90],
		[196, "H9_11", 2205, -2080, "B", "DIP", "PA6", "", "C", 62, 62, 35, 35, 90],
		[197, "H9_12", 2205, -1980, "T", "DIP", "PA7", "", "C", 62, 62, 35, 35, 90],
		[198, "H9_12", 2205, -1980, "B", "DIP", "PA7", "", "C", 62, 62, 35, 35, 90],
		[199, "H9_13", 2205, -1880, "T", "DIP", "PB0", "", "C", 62, 62, 35, 35, 90],
		[200, "H9_13", 2205, -1880, "B", "DIP", "PB0", "", "C", 62, 62, 35, 35, 90],
		[201, "H9_14", 2205, -1780, "T", "DIP", "PB1", "", "C", 62, 62, 35, 35, 90],
		[202, "H9_14", 2205, -1780, "B", "DIP", "PB1", "", "C", 62, 62, 35, 35, 90],
		[203, "H9_15", 2205, -1680, "T", "DIP", "PB10", "", "C", 62, 62, 35, 35, 90],
		[204, "H9_15", 2205, -1680, "B", "DIP", "PB10", "", "C", 62, 62, 35, 35, 90],
		[205, "H9_16", 2205, -1580, "T", "DIP", "PB11", "", "C", 62, 62, 35, 35, 90],
		[206, "H9_16", 2205, -1580, "B", "DIP", "PB11", "", "C", 62, 62, 35, 35, 90],
		[207, "H9_17", 2205, -1480, "T", "DIP", "NRST", "", "C", 62, 62, 35, 35, 90],
		[208, "H9_17", 2205, -1480, "B", "DIP", "NRST", "", "C", 62, 62, 35, 35, 90],
		[209, "H9_18", 2205, -1380, "T", "DIP", "3.3V", "", "C", 62, 62, 35, 35, 90],
		[210, "H9_18", 2205, -1380, "B", "DIP", "3.3V", "", "C", 62, 62, 35, 35, 90],
		[211, "H9_19", 2205, -1280, "T", "DIP", "GND", "GND", "C", 62, 62, 35, 35, 90],
		[212, "H9_19", 2205, -1280, "B", "DIP", "GND", "GND", "C", 62, 62, 35, 35, 90],
		[213, "H9_20", 2205, -1180, "T", "DIP", "GND", "GND", "C", 62, 62, 35, 35, 90],
		[214, "H9_20", 2205, -1180, "B", "DIP", "GND", "GND", "C", 62, 62, 35, 35, 90],
		[215, "H10_1", 995, -3080, "T", "DIP", "3.3V", "", "R", 62, 62, 35, 35, 90],
		[216, "H10_1", 995, -3080, "B", "DIP", "3.3V", "", "R", 62, 62, 35, 35, 90],
		[217, "H10_2", 995, -2980, "T", "DIP", "GND", "GND", "C", 62, 62, 35, 35, 90],
		[218, "H10_2", 995, -2980, "B", "DIP", "GND", "GND", "C", 62, 62, 35, 35, 90],
		[219, "H10_3", 995, -2880, "T", "DIP", "5V", "", "C", 62, 62, 35, 35, 90],
		[220, "H10_3", 995, -2880, "B", "DIP", "5V", "", "C", 62, 62, 35, 35, 90],
		[221, "H10_4", 995, -2780, "T", "DIP", "PB9", "", "C", 62, 62, 35, 35, 90],
		[222, "H10_4", 995, -2780, "B", "DIP", "PB9", "", "C", 62, 62, 35, 35, 90],
		[223, "H10_5", 995, -2680, "T", "DIP", "PB8", "", "C", 62, 62, 35, 35, 90],
		[224, "H10_5", 995, -2680, "B", "DIP", "PB8", "", "C", 62, 62, 35, 35, 90],
		[225, "H10_6", 995, -2580, "T", "DIP", "PB7", "", "C", 62, 62, 35, 35, 90],
		[226, "H10_6", 995, -2580, "B", "DIP", "PB7", "", "C", 62, 62, 35, 35, 90],
		[227, "H10_7", 995, -2480, "T", "DIP", "PB6", "", "C", 62, 62, 35, 35, 90],
		[228, "H10_7", 995, -2480, "B", "DIP", "PB6", "", "C", 62, 62, 35, 35, 90],
		[229, "H10_8", 995, -2380, "T", "DIP", "PB5", "", "C", 62, 62, 35, 35, 90],
		[230, "H10_8", 995, -2380, "B", "DIP", "PB5", "", "C", 62, 62, 35, 35, 90],
		[231, "H10_9", 995, -2280, "T", "DIP", "PB4", "", "C", 62, 62, 35, 35, 90],
		[232, "H10_9", 995, -2280, "B", "DIP", "PB4", "", "C", 62, 62, 35, 35, 90],
		[233, "H10_10", 995, -2180, "T", "DIP", "PB3", "", "C", 62, 62, 35, 35, 90],
		[234, "H10_10", 995, -2180, "B", "DIP", "PB3", "", "C", 62, 62, 35, 35, 90],
		[235, "H10_11", 995, -2080, "T", "DIP", "PA15", "", "C", 62, 62, 35, 35, 90],
		[236, "H10_11", 995, -2080, "B", "DIP", "PA15", "", "C", 62, 62, 35, 35, 90],
		[237, "H10_12", 995, -1980, "T", "DIP", "PA12", "", "C", 62, 62, 35, 35, 90],
		[238, "H10_12", 995, -1980, "B", "DIP", "PA12", "", "C", 62, 62, 35, 35, 90],
		[239, "H10_13", 995, -1880, "T", "DIP", "PA11", "", "C", 62, 62, 35, 35, 90],
		[240, "H10_13", 995, -1880, "B", "DIP", "PA11", "", "C", 62, 62, 35, 35, 90],
		[241, "H10_14", 995, -1780, "T", "DIP", "PA10", "", "C", 62, 62, 35, 35, 90],
		[242, "H10_14", 995, -1780, "B", "DIP", "PA10", "", "C", 62, 62, 35, 35, 90],
		[243, "H10_15", 995, -1680, "T", "DIP", "PA9", "", "C", 62, 62, 35, 35, 90],
		[244, "H10_15", 995, -1680, "B", "DIP", "PA9", "", "C", 62, 62, 35, 35, 90],
		[245, "H10_16", 995, -1580, "T", "DIP", "PA8", "", "C", 62, 62, 35, 35, 90],
		[246, "H10_16", 995, -1580, "B", "DIP", "PA8", "", "C", 62, 62, 35, 35, 90],
		[247, "H10_17", 995, -1480, "T", "DIP", "PB15", "", "C", 62, 62, 35, 35, 90],
		[248, "H10_17", 995, -1480, "B", "DIP", "PB15", "", "C", 62, 62, 35, 35, 90],
		[249, "H10_18", 995, -1380, "T", "DIP", "PB14", "", "C", 62, 62, 35, 35, 90],
		[250, "H10_18", 995, -1380, "B", "DIP", "PB14", "", "C", 62, 62, 35, 35, 90],
		[251, "H10_19", 995, -1280, "T", "DIP", "PB13", "", "C", 62, 62, 35, 35, 90],
		[252, "H10_19", 995, -1280, "B", "DIP", "PB13", "", "C", 62, 62, 35, 35, 90],
		[253, "H10_20", 995, -1180, "T", "DIP", "PB12", "", "C", 62, 62, 35, 35, 90],
		[254, "H10_20", 995, -1180, "B", "DIP", "PB12", "", "C", 62, 62, 35, 35, 90],
		[255, "H11_1", 2560, -1115, "T", "DIP", "GND", "GND", "R", 62, 62, 35, 35, 90],
		[256, "H11_1", 2560, -1115, "B", "DIP", "GND", "GND", "R", 62, 62, 35, 35, 90],
		[257, "H11_2", 2560, -1015, "T", "DIP", "PB15", "", "C", 62, 62, 35, 35, 90],
		[258, "H11_2", 2560, -1015, "B", "DIP", "PB15", "", "C", 62, 62, 35, 35, 90],
		[259, "H11_3", 2560, -915, "T", "DIP", "5V", "", "C", 62, 62, 36, 36, 90],
		[260, "H11_3", 2560, -915, "B", "DIP", "5V", "", "C", 62, 62, 36, 36, 90],
		[261, "H12_1", 3100, -830, "T", "DIP", "GND", "GND", "R", 62, 62, 35, 35, 270],
		[262, "H12_1", 3100, -830, "B", "DIP", "GND", "GND", "R", 62, 62, 35, 35, 270],
		[263, "H12_2", 3100, -930, "T", "DIP", "PB14", "", "C", 62, 62, 35, 35, 270],
		[264, "H12_2", 3100, -930, "B", "DIP", "PB14", "", "C", 62, 62, 35, 35, 270],
		[265, "H12_3", 3100, -1030, "T", "DIP", "5V", "", "C", 62, 62, 36, 36, 270],
		[266, "H12_3", 3100, -1030, "B", "DIP", "5V", "", "C", 62, 62, 36, 36, 270],
		[267, "J1_1", 3855, -1825, "T", "DIP", "GND", "GND", "R", 62, 62, 35, 35, 180],
		[268, "J1_1", 3855, -1825, "B", "DIP", "GND", "GND", "R", 62, 62, 35, 35, 180],
		[269, "J1_2", 3755, -1825, "T", "DIP", "5V", "", "C", 62, 62, 35, 35, 180],
		[270, "J1_2", 3755, -1825, "B", "DIP", "5V", "", "C", 62, 62, 35, 35, 180],
		[271, "J1_3", 3655, -1825, "T", "DIP", "PA10", "", "C", 62, 62, 35, 35, 180],
		[272, "J1_3", 3655, -1825, "B", "DIP", "PA10", "", "C", 62, 62, 35, 35, 180],
		[273, "J1_4", 3555, -1825, "T", "DIP", "PA9", "", "C", 62, 62, 35, 35, 180],
		[274, "J1_4", 3555, -1825, "B", "DIP", "PA9", "", "C", 62, 62, 35, 35, 180],
		[275, "J2_1", 3855.83, -1505.92, "T", "DIP", "GND", "GND", "R", 62, 62, 35, 35, 180],
		[276, "J2_1", 3855.83, -1505.92, "B", "DIP", "GND", "GND", "R", 62, 62, 35, 35, 180],
		[277, "J2_2", 3755.83, -1505.92, "T", "DIP", "5V", "", "C", 62, 62, 35, 35, 180],
		[278, "J2_2", 3755.83, -1505.92, "B", "DIP", "5V", "", "C", 62, 62, 35, 35, 180],
		[279, "J2_3", 3655.83, -1505.92, "T", "DIP", "PA3", "", "C", 62, 62, 35, 35, 180],
		[280, "J2_3", 3655.83, -1505.92, "B", "DIP", "PA3", "", "C", 62, 62, 35, 35, 180],
		[281, "J2_4", 3555.83, -1505.92, "T", "DIP", "PA2", "", "C", 62, 62, 35, 35, 180],
		[282, "J2_4", 3555.83, -1505.92, "B", "DIP", "PA2", "", "C", 62, 62, 35, 35, 180],
		[283, "J3_1", 3855, -1190, "T", "DIP", "GND", "GND", "R", 62, 62, 35, 35, 180],
		[284, "J3_1", 3855, -1190, "B", "DIP", "GND", "GND", "R", 62, 62, 35, 35, 180],
		[285, "J3_2", 3755, -1190, "T", "DIP", "5V", "", "C", 62, 62, 35, 35, 180],
		[286, "J3_2", 3755, -1190, "B", "DIP", "5V", "", "C", 62, 62, 35, 35, 180],
		[287, "J3_3", 3655, -1190, "T", "DIP", "PB11", "", "C", 62, 62, 35, 35, 180],
		[288, "J3_3", 3655, -1190, "B", "DIP", "PB11", "", "C", 62, 62, 35, 35, 180],
		[289, "J3_4", 3555, -1190, "T", "DIP", "PB10", "", "C", 62, 62, 35, 35, 180],
		[290, "J3_4", 3555, -1190, "B", "DIP", "PB10", "", "C", 62, 62, 35, 35, 180],
		[291, "J4_1", 285, -1380, "T", "DIP", "NET_1", "", "R", 70.866, 70.866, 41.338, 41.338, 90],
		[292, "J4_1", 285, -1380, "B", "DIP", "NET_1", "", "R", 70.866, 70.866, 41.338, 41.338, 90],
		[293, "J4_2", 185, -1380, "T", "DIP", "NET_2", "", "C", 70.866, 70.866, 41.338, 41.338, 90],
		[294, "J4_2", 185, -1380, "B", "DIP", "NET_2", "", "C", 70.866, 70.866, 41.338, 41.338, 90],
		[295, "J4_3", 285, -1280, "T", "DIP", "PB10", "", "C", 70.866, 70.866, 41.338, 41.338, 90],
		[296, "J4_3", 285, -1280, "B", "DIP", "PB10", "", "C", 70.866, 70.866, 41.338, 41.338, 90],
		[297, "J4_4", 185, -1280, "T", "DIP", "PB11", "", "C", 70.866, 70.866, 41.338, 41.338, 90],
		[298, "J4_4", 185, -1280, "B", "DIP", "PB11", "", "C", 70.866, 70.866, 41.338, 41.338, 90],
		[299, "J4_5", 285, -1180, "T", "DIP", "NET_3", "", "C", 70.866, 70.866, 41.338, 41.338, 90],
		[300, "J4_5", 285, -1180, "B", "DIP", "NET_3", "", "C", 70.866, 70.866, 41.338, 41.338, 90],
		[301, "J4_6", 185, -1180, "T", "DIP", "NET_4", "", "C", 70.866, 70.866, 41.338, 41.338, 90],
		[302, "J4_6", 185, -1180, "B", "DIP", "NET_4", "", "C", 70.866, 70.866, 41.338, 41.338, 90],
		[303, "J5_1", 3345, -3480, "T", "DIP", "GND", "GND", "R", 62, 62, 35, 35, 0],
		[304, "J5_1", 3345, -3480, "B", "DIP", "GND", "GND", "R", 62, 62, 35, 35, 0],
		[305, "J5_2", 3445, -3480, "T", "DIP", "5V", "", "C", 62, 62, 35, 35, 0],
		[306, "J5_2", 3445, -3480, "B", "DIP", "5V", "", "C", 62, 62, 35, 35, 0],
		[307, "J5_3", 3545, -3480, "T", "DIP", "PA6", "", "C", 62, 62, 35, 35, 0],
		[308, "J5_3", 3545, -3480, "B", "DIP", "PA6", "", "C", 62, 62, 35, 35, 0],
		[309, "J7_1", 2310, -3465, "T", "DIP", "PA2", "", "R", 62, 62, 35, 35, 0],
		[310, "J7_1", 2310, -3465, "B", "DIP", "PA2", "", "R", 62, 62, 35, 35, 0],
		[311, "J7_2", 2410, -3465, "T", "DIP", "PA3", "", "C", 62, 62, 35, 35, 0],
		[312, "J7_2", 2410, -3465, "B", "DIP", "PA3", "", "C", 62, 62, 35, 35, 0],
		[313, "J7_3", 2510, -3465, "T", "DIP", "GND", "GND", "C", 62, 62, 35, 35, 0],
		[314, "J7_3", 2510, -3465, "B", "DIP", "GND", "GND", "C", 62, 62, 35, 35, 0],
		[315, "J7_4", 2610, -3465, "T", "DIP", "5V", "", "C", 62, 62, 35, 35, 0],
		[316, "J7_4", 2610, -3465, "B", "DIP", "5V", "", "C", 62, 62, 35, 35, 0],
		[317, "J8_1", 2870, -3475, "T", "DIP", "5V", "", "R", 62, 62, 35, 35, 0],
		[318, "J8_1", 2870, -3475, "B", "DIP", "5V", "", "R", 62, 62, 35, 35, 0],
		[319, "J8_2", 2970, -3475, "T", "DIP", "PA0", "", "C", 62, 62, 35, 35, 0],
		[320, "J8_2", 2970, -3475, "B", "DIP", "PA0", "", "C", 62, 62, 35, 35, 0],
		[321, "J8_3", 3070, -3475, "T", "DIP", "PA1", "", "C", 62, 62, 35, 35, 0],
		[322, "J8_3", 3070, -3475, "B", "DIP", "PA1", "", "C", 62, 62, 35, 35, 0],
		[323, "J8_4", 3170, -3475, "T", "DIP", "GND", "GND", "C", 62, 62, 35, 35, 0],
		[324, "J8_4", 3170, -3475, "B", "DIP", "GND", "GND", "C", 62, 62, 35, 35, 0],
		[325, "J9_1", 2520, -1770, "T", "DIP", "5V", "", "R", 62, 62, 35, 35, 90],
		[326, "J9_1", 2520, -1770, "B", "DIP", "5V", "", "R", 62, 62, 35, 35, 90],
		[327, "J9_2", 2520, -1670, "T", "DIP", "GND", "GND", "C", 62, 62, 35, 35, 90],
		[328, "J9_2", 2520, -1670, "B", "DIP", "GND", "GND", "C", 62, 62, 35, 35, 90],
		[329, "J9_3", 2520, -1570, "T", "DIP", "PB7", "", "C", 62, 62, 35, 35, 90],
		[330, "J9_3", 2520, -1570, "B", "DIP", "PB7", "", "C", 62, 62, 35, 35, 90],
		[331, "J9_4", 2520, -1470, "T", "DIP", "PB6", "", "C", 62, 62, 35, 35, 90],
		[332, "J9_4", 2520, -1470, "B", "DIP", "PB6", "", "C", 62, 62, 35, 35, 90],
		[333, "J9_5", 2520, -1370, "T", "DIP", "NET_5", "", "C", 62, 62, 35, 35, 90],
		[334, "J9_5", 2520, -1370, "B", "DIP", "NET_5", "", "C", 62, 62, 35, 35, 90],
		[335, "KEY1_1", 3886.77, -2207.84, "T", "SMD", "PA7", "", "R", 70.866, 39.37, 0, 0, 270],
		[336, "KEY1_2", 3886.77, -2562.16, "T", "SMD", "PA7", "", "R", 70.866, 39.37, 0, 0, 270],
		[337, "KEY1_3", 3733.22, -2207.83, "T", "SMD", "3.3V", "", "R", 70.866, 39.37, 0, 0, 270],
		[338, "KEY1_4", 3733.22, -2562.16, "T", "SMD", "3.3V", "", "R", 70.866, 39.37, 0, 0, 270],
		[339, "KEY2_1", 3728.23, -3137.16, "T", "SMD", "PA12", "", "R", 70.866, 39.37, 0, 0, 90],
		[340, "KEY2_2", 3728.23, -2782.84, "T", "SMD", "PA12", "", "R", 70.866, 39.37, 0, 0, 90],
		[341, "KEY2_3", 3881.78, -3137.17, "T", "SMD", "GND", "GND", "R", 70.866, 39.37, 0, 0, 90],
		[342, "KEY2_4", 3881.78, -2782.84, "T", "SMD", "GND", "GND", "R", 70.866, 39.37, 0, 0, 90],
		[343, "KEY3_1", 53.23, -2512.16, "T", "SMD", "GND", "GND", "R", 70.866, 39.37, 0, 0, 90],
		[344, "KEY3_2", 53.23, -2157.84, "T", "SMD", "GND", "GND", "R", 70.866, 39.37, 0, 0, 90],
		[345, "KEY3_3", 206.78, -2512.17, "T", "SMD", "NET_6", "", "R", 70.866, 39.37, 0, 0, 90],
		[346, "KEY3_4", 206.78, -2157.84, "T", "SMD", "NET_6", "", "R", 70.866, 39.37, 0, 0, 90],
		[347, "KEY4_1", 206.77, -1717.84, "T", "SMD", "GND", "GND", "R", 70.866, 39.37, 0, 0, 270],
		[348, "KEY4_2", 206.77, -2072.16, "T", "SMD", "GND", "GND", "R", 70.866, 39.37, 0, 0, 270],
		[349, "KEY4_3", 53.22, -1717.83, "T", "SMD", "NET_7", "", "R", 70.866, 39.37, 0, 0, 270],
		[350, "KEY4_4", 53.22, -2072.16, "T", "SMD", "NET_7", "", "R", 70.866, 39.37, 0, 0, 270],
		[351, "MPU1_1", 275, -2675, "T", "DIP", "5V", "", "C", 60, 60, 36, 36, 0],
		[352, "MPU1_1", 275, -2675, "B", "DIP", "5V", "", "C", 60, 60, 36, 36, 0],
		[353, "MPU1_2", 275, -2775, "T", "DIP", "GND", "GND", "C", 60, 60, 36, 36, 0],
		[354, "MPU1_2", 275, -2775, "B", "DIP", "GND", "GND", "C", 60, 60, 36, 36, 0],
		[355, "MPU1_3", 275, -2875, "T", "DIP", "PB8", "", "C", 60, 60, 36, 36, 0],
		[356, "MPU1_3", 275, -2875, "B", "DIP", "PB8", "", "C", 60, 60, 36, 36, 0],
		[357, "MPU1_4", 275, -2975, "T", "DIP", "PB9", "", "C", 60, 60, 36, 36, 0],
		[358, "MPU1_4", 275, -2975, "B", "DIP", "PB9", "", "C", 60, 60, 36, 36, 0],
		[359, "MPU1_5", 275, -3075, "T", "DIP", "NET_8", "", "C", 60, 60, 36, 36, 0],
		[360, "MPU1_5", 275, -3075, "B", "DIP", "NET_8", "", "C", 60, 60, 36, 36, 0],
		[361, "MPU1_6", 275, -3175, "T", "DIP", "NET_9", "", "C", 60, 60, 36, 36, 0],
		[362, "MPU1_6", 275, -3175, "B", "DIP", "NET_9", "", "C", 60, 60, 36, 36, 0],
		[363, "MPU1_7", 275, -3275, "T", "DIP", "NET_10", "", "C", 60, 60, 36, 36, 0],
		[364, "MPU1_7", 275, -3275, "B", "DIP", "NET_10", "", "C", 60, 60, 36, 36, 0],
		[365, "MPU1_8", 275, -3375, "T", "DIP", "NET_11", "", "C", 60, 60, 36, 36, 0],
		[366, "MPU1_8", 275, -3375, "B", "DIP", "NET_11", "", "C", 60, 60, 36, 36, 0],
		[367, "P2_1", 615, -990, "T", "DIP", "NET_12", "", "R", 70.866, 62.992, 40.158, 40.158, 270],
		[368, "P2_1", 615, -990, "B", "DIP", "NET_12", "", "R", 70.866, 62.992, 40.158, 40.158, 270],
		[369, "P2_2", 615, -1090, "T", "DIP", "NET_3", "", "C", 62.992, 62.992, 40.158, 40.158, 270],
		[370, "P2_2", 615, -1090, "B", "DIP", "NET_3", "", "C", 62.992, 62.992, 40.158, 40.158, 270],
		[371, "P2_3", 615, -1190, "T", "DIP", "NET_4", "", "C", 62.992, 62.992, 40.158, 40.158, 270],
		[372, "P2_3", 615, -1190, "B", "DIP", "NET_4", "", "C", 62.992, 62.992, 40.158, 40.158, 270],
		[373, "P2_4", 615, -1290, "T", "DIP", "GND", "GND", "C", 62.992, 62.992, 40.158, 40.158, 270],
		[374, "P2_4", 615, -1290, "B", "DIP", "GND", "GND", "C", 62.992, 62.992, 40.158, 40.158, 270],
		[375, "P2_5", 615, -1390, "T", "DIP", "5V", "", "C", 62.992, 62.992, 40.158, 40.158, 270],
		[376, "P2_5", 615, -1390, "B", "DIP", "5V", "", "C", 62.992, 62.992, 40.158, 40.158, 270],
		[377, "P2_6", 615, -1490, "T", "DIP", "NET_13", "", "C", 62.992, 62.992, 40.158, 40.158, 270],
		[378, "P2_6", 615, -1490, "B", "DIP", "NET_13", "", "C", 62.992, 62.992, 40.158, 40.158, 270],
		[379, "R1_1", 1625.34, -2170, "T", "SMD", "R1_1", "", "R", 31.751, 34.016, 0, 0, 0],
		[380, "R1_2", 1684.66, -2170, "T", "SMD", "VBAT_IN", "", "R", 31.751, 34.016, 0, 0, 0],
		[381, "R2_1", 1684.66, -2237.5, "T", "SMD", "PA4", "", "R", 31.751, 34.016, 0, 0, 180],
		[382, "R2_2", 1625.34, -2237.5, "T", "SMD", "R1_1", "", "R", 31.751, 34.016, 0, 0, 180],
		[383, "R3_1", 1625.34, -2305, "T", "SMD", "GND", "GND", "R", 31.751, 34.016, 0, 0, 0],
		[384, "R3_2", 1684.66, -2305, "T", "SMD", "PA4", "", "R", 31.751, 34.016, 0, 0, 0],
		[385, "SW3_1", 2760, -525.04, "T", "DIP", "DC1_1", "", "C", 98.425, 98.425, 70.866, 70.866, 90],
		[386, "SW3_1", 2760, -525.04, "B", "DIP", "DC1_1", "", "C", 98.425, 98.425, 70.866, 70.866, 90],
		[387, "SW3_2", 2760, -340, "T", "DIP", "VBAT_IN", "", "C", 98.425, 98.425, 70.866, 70.866, 90],
		[388, "SW3_2", 2760, -340, "B", "DIP", "VBAT_IN", "", "C", 98.425, 98.425, 70.866, 70.866, 90],
		[389, "SW3_3", 2760, -154.96, "T", "DIP", "NET_14", "", "C", 98.425, 98.425, 70.866, 70.866, 90],
		[390, "SW3_3", 2760, -154.96, "B", "DIP", "NET_14", "", "C", 98.425, 98.425, 70.866, 70.866, 90],
		[391, "U2_1", 730.06, -2479.91, "T", "DIP", "3.3V", "", "C", 62, 62, 35, 35, 0],
		[392, "U2_1", 730.06, -2479.91, "B", "DIP", "3.3V", "", "C", 62, 62, 35, 35, 0],
		[393, "U2_2", 630.04, -2479.95, "T", "DIP", "NET_7", "", "C", 62, 62, 35, 35, 0],
		[394, "U2_2", 630.04, -2479.95, "B", "DIP", "NET_7", "", "C", 62, 62, 35, 35, 0],
		[395, "U2_3", 530.04, -2479.95, "T", "DIP", "3.3V", "", "C", 62, 62, 35, 35, 0],
		[396, "U2_3", 530.04, -2479.95, "B", "DIP", "3.3V", "", "C", 62, 62, 35, 35, 0],
		[397, "U2_4", 430.04, -2479.95, "T", "DIP", "NET_2", "", "C", 62, 62, 35, 35, 0],
		[398, "U2_4", 430.04, -2479.95, "B", "DIP", "NET_2", "", "C", 62, 62, 35, 35, 0],
		[399, "U2_5", 429.94, -2380.05, "T", "DIP", "GND", "GND", "R", 62, 60, 35, 35, 0],
		[400, "U2_5", 429.94, -2380.05, "B", "DIP", "GND", "GND", "R", 62, 60, 35, 35, 0],
		[401, "U2_6", 529.94, -2380.05, "T", "DIP", "NET_15", "", "C", 62, 62, 35, 35, 0],
		[402, "U2_6", 529.94, -2380.05, "B", "DIP", "NET_15", "", "C", 62, 62, 35, 35, 0],
		[403, "U2_7", 629.94, -2380.05, "T", "DIP", "NET_6", "", "C", 62, 62, 35, 35, 0],
		[404, "U2_7", 629.94, -2380.05, "B", "DIP", "NET_6", "", "C", 62, 62, 35, 35, 0],
		[405, "U2_8", 729.94, -2380.05, "T", "DIP", "NET_1", "", "C", 62, 62, 35, 35, 0],
		[406, "U2_8", 729.94, -2380.05, "B", "DIP", "NET_1", "", "C", 62, 62, 35, 35, 0],
		[407, "U3_1", 1355, -100, "T", "DIP", "PA11", "", "C", 60, 60, 36, 36, 0],
		[408, "U3_1", 1355, -100, "B", "DIP", "PA11", "", "C", 60, 60, 36, 36, 0],
		[409, "U3_2", 1355, -200, "T", "DIP", "PB12", "", "C", 60, 60, 36, 36, 0],
		[410, "U3_2", 1355, -200, "B", "DIP", "PB12", "", "C", 60, 60, 36, 36, 0],
		[411, "U3_3", 1355, -300, "T", "DIP", "PB13", "", "C", 60, 60, 36, 36, 0],
		[412, "U3_3", 1355, -300, "B", "DIP", "PB13", "", "C", 60, 60, 36, 36, 0],
		[413, "U3_4", 1355, -400, "T", "DIP", "5V", "", "C", 60, 60, 36, 36, 0],
		[414, "U3_4", 1355, -400, "B", "DIP", "5V", "", "C", 60, 60, 36, 36, 0],
		[415, "U3_5", 1355, -500, "T", "DIP", "PB1", "", "C", 60, 60, 36, 36, 0],
		[416, "U3_5", 1355, -500, "B", "DIP", "PB1", "", "C", 60, 60, 36, 36, 0],
		[417, "U3_6", 1355, -600, "T", "DIP", "PB0", "", "C", 60, 60, 36, 36, 0],
		[418, "U3_6", 1355, -600, "B", "DIP", "PB0", "", "C", 60, 60, 36, 36, 0],
		[419, "U3_7", 1355, -700, "T", "DIP", "PA8", "", "C", 60, 60, 36, 36, 0],
		[420, "U3_7", 1355, -700, "B", "DIP", "PA8", "", "C", 60, 60, 36, 36, 0],
		[421, "U3_8", 1355, -800, "T", "DIP", "GND", "GND", "C", 60, 60, 36, 36, 0],
		[422, "U3_8", 1355, -800, "B", "DIP", "GND", "GND", "C", 60, 60, 36, 36, 0],
		[423, "U3_9", 755, -800, "T", "DIP", "GND", "GND", "C", 60, 60, 36, 36, 0],
		[424, "U3_9", 755, -800, "B", "DIP", "GND", "GND", "C", 60, 60, 36, 36, 0],
		[425, "U3_10", 755, -700, "T", "DIP", "BO1", "", "C", 60, 60, 36, 36, 0],
		[426, "U3_10", 755, -700, "B", "DIP", "BO1", "", "C", 60, 60, 36, 36, 0],
		[427, "U3_11", 755, -600, "T", "DIP", "BO2", "", "C", 60, 60, 36, 36, 0],
		[428, "U3_11", 755, -600, "B", "DIP", "BO2", "", "C", 60, 60, 36, 36, 0],
		[429, "U3_12", 755, -500, "T", "DIP", "AO2", "", "C", 60, 60, 36, 36, 0],
		[430, "U3_12", 755, -500, "B", "DIP", "AO2", "", "C", 60, 60, 36, 36, 0],
		[431, "U3_13", 755, -400, "T", "DIP", "AO1", "", "C", 60, 60, 36, 36, 0],
		[432, "U3_13", 755, -400, "B", "DIP", "AO1", "", "C", 60, 60, 36, 36, 0],
		[433, "U3_14", 755, -300, "T", "DIP", "GND", "GND", "C", 60, 60, 36, 36, 0],
		[434, "U3_14", 755, -300, "B", "DIP", "GND", "GND", "C", 60, 60, 36, 36, 0],
		[435, "U3_15", 755, -200, "T", "DIP", "5V", "", "C", 60, 60, 36, 36, 0],
		[436, "U3_15", 755, -200, "B", "DIP", "5V", "", "C", 60, 60, 36, 36, 0],
		[437, "U3_16", 755, -100, "T", "DIP", "VBAT_IN", "", "C", 60, 60, 36, 36, 0],
		[438, "U3_16", 755, -100, "B", "DIP", "VBAT_IN", "", "C", 60, 60, 36, 36, 0],
		[439, "PAD1_3", 3545, -3480, "T", "DIP", "PA6", "", "C", 62, 62, 35, 35, 0],
		[440, "PAD1_3", 3545, -3480, "B", "DIP", "PA6", "", "C", 62, 62, 35, 35, 0],
		[441, "PAD2_2", 3445, -3480, "T", "DIP", "5V", "", "C", 62, 62, 35, 35, 0],
		[442, "PAD2_2", 3445, -3480, "B", "DIP", "5V", "", "C", 62, 62, 35, 35, 0],
		[443, "PAD3_1", 3345, -3480, "T", "DIP", "GND", "GND", "R", 62, 62, 35, 35, 0],
		[444, "PAD3_1", 3345, -3480, "B", "DIP", "GND", "GND", "R", 62, 62, 35, 35, 0],
		[445, "PAD4_1", 3415.75, -2138.94, "T", "DIP", "GND", "GND", "C", 137.795, 137.795, 78.74, 78.74, 90],
		[446, "PAD4_1", 3415.75, -2138.94, "B", "DIP", "GND", "GND", "C", 137.795, 137.795, 78.74, 78.74, 90],
		[447, "PAD5_1", 3415.75, -3056.26, "T", "DIP", "GND", "GND", "C", 137.795, 137.795, 78.74, 78.74, 90],
		[448, "PAD5_1", 3415.75, -3056.26, "B", "DIP", "GND", "GND", "C", 137.795, 137.795, 78.74, 78.74, 90],
		[449, "PAD6_1", 2478.74, -2138.94, "T", "DIP", "GND", "GND", "C", 137.795, 137.795, 78.74, 78.74, 90],
		[450, "PAD6_1", 2478.74, -2138.94, "B", "DIP", "GND", "GND", "C", 137.795, 137.795, 78.74, 78.74, 90],
		[451, "PAD7_1", 2478.74, -3056.26, "T", "DIP", "GND", "GND", "C", 137.795, 137.795, 78.74, 78.74, 90],
		[452, "PAD7_1", 2478.74, -3056.26, "B", "DIP", "GND", "GND", "C", 137.795, 137.795, 78.74, 78.74, 90],
		[453, "PAD8_1", 2459.06, -2747.6, "T", "DIP", "GND", "GND", "R", 62, 62, 35, 35, 90],
		[454, "PAD8_1", 2459.06, -2747.6, "B", "DIP", "GND", "GND", "R", 62, 62, 35, 35, 90],
		[455, "PAD9_2", 2459.06, -2647.6, "T", "DIP", "3.3V", "", "C", 62, 62, 35, 35, 90],
		[456, "PAD9_2", 2459.06, -2647.6, "B", "DIP", "3.3V", "", "C", 62, 62, 35, 35, 90],
		[457, "PAD10_3", 2459.06, -2547.6, "T", "DIP", "PC14", "", "C", 62, 62, 35, 35, 90],
		[458, "PAD10_3", 2459.06, -2547.6, "B", "DIP", "PC14", "", "C", 62, 62, 35, 35, 90],
		[459, "PAD11_4", 2459.06, -2447.6, "T", "DIP", "PC15", "", "C", 62, 62, 35, 35, 90],
		[460, "PAD11_4", 2459.06, -2447.6, "B", "DIP", "PC15", "", "C", 62, 62, 35, 35, 90],
		[461, "PAD12_16", 755, -100, "T", "DIP", "VBAT_IN", "", "C", 60, 60, 36, 36, 0],
		[462, "PAD12_16", 755, -100, "B", "DIP", "VBAT_IN", "", "C", 60, 60, 36, 36, 0],
		[463, "PAD13_15", 755, -200, "T", "DIP", "5V", "", "C", 60, 60, 36, 36, 0],
		[464, "PAD13_15", 755, -200, "B", "DIP", "5V", "", "C", 60, 60, 36, 36, 0],
		[465, "PAD14_14", 755, -300, "T", "DIP", "GND", "GND", "C", 60, 60, 36, 36, 0],
		[466, "PAD14_14", 755, -300, "B", "DIP", "GND", "GND", "C", 60, 60, 36, 36, 0],
		[467, "PAD15_13", 755, -400, "T", "DIP", "AO1", "", "C", 60, 60, 36, 36, 0],
		[468, "PAD15_13", 755, -400, "B", "DIP", "AO1", "", "C", 60, 60, 36, 36, 0],
		[469, "PAD16_12", 755, -500, "T", "DIP", "AO2", "", "C", 60, 60, 36, 36, 0],
		[470, "PAD16_12", 755, -500, "B", "DIP", "AO2", "", "C", 60, 60, 36, 36, 0],
		[471, "PAD17_11", 755, -600, "T", "DIP", "BO2", "", "C", 60, 60, 36, 36, 0],
		[472, "PAD17_11", 755, -600, "B", "DIP", "BO2", "", "C", 60, 60, 36, 36, 0],
		[473, "PAD18_10", 755, -700, "T", "DIP", "BO1", "", "C", 60, 60, 36, 36, 0],
		[474, "PAD18_10", 755, -700, "B", "DIP", "BO1", "", "C", 60, 60, 36, 36, 0],
		[475, "PAD19_9", 755, -800, "T", "DIP", "GND", "GND", "C", 60, 60, 36, 36, 0],
		[476, "PAD19_9", 755, -800, "B", "DIP", "GND", "GND", "C", 60, 60, 36, 36, 0],
		[477, "PAD20_8", 1355, -800, "T", "DIP", "GND", "GND", "C", 60, 60, 36, 36, 0],
		[478, "PAD20_8", 1355, -800, "B", "DIP", "GND", "GND", "C", 60, 60, 36, 36, 0],
		[479, "PAD21_7", 1355, -700, "T", "DIP", "PA8", "", "C", 60, 60, 36, 36, 0],
		[480, "PAD21_7", 1355, -700, "B", "DIP", "PA8", "", "C", 60, 60, 36, 36, 0],
		[481, "PAD22_6", 1355, -600, "T", "DIP", "PB0", "", "C", 60, 60, 36, 36, 0],
		[482, "PAD22_6", 1355, -600, "B", "DIP", "PB0", "", "C", 60, 60, 36, 36, 0],
		[483, "PAD23_5", 1355, -500, "T", "DIP", "PB1", "", "C", 60, 60, 36, 36, 0],
		[484, "PAD23_5", 1355, -500, "B", "DIP", "PB1", "", "C", 60, 60, 36, 36, 0],
		[485, "PAD24_4", 1355, -400, "T", "DIP", "5V", "", "C", 60, 60, 36, 36, 0],
		[486, "PAD24_4", 1355, -400, "B", "DIP", "5V", "", "C", 60, 60, 36, 36, 0],
		[487, "PAD25_3", 1355, -300, "T", "DIP", "PB13", "", "C", 60, 60, 36, 36, 0],
		[488, "PAD25_3", 1355, -300, "B", "DIP", "PB13", "", "C", 60, 60, 36, 36, 0],
		[489, "PAD26_2", 1355, -200, "T", "DIP", "PB12", "", "C", 60, 60, 36, 36, 0],
		[490, "PAD26_2", 1355, -200, "B", "DIP", "PB12", "", "C", 60, 60, 36, 36, 0],
		[491, "PAD27_1", 1355, -100, "T", "DIP", "PA11", "", "C", 60, 60, 36, 36, 0],
		[492, "PAD27_1", 1355, -100, "B", "DIP", "PA11", "", "C", 60, 60, 36, 36, 0],
		[493, "PAD28_1", 53.23, -2512.16, "T", "SMD", "GND", "GND", "R", 70.866, 39.37, 0, 0, 90],
		[494, "PAD29_2", 53.23, -2157.84, "T", "SMD", "GND", "GND", "R", 70.866, 39.37, 0, 0, 90],
		[495, "PAD30_3", 206.78, -2512.17, "T", "SMD", "NET_6", "", "R", 70.866, 39.37, 0, 0, 90],
		[496, "PAD31_4", 206.78, -2157.84, "T", "SMD", "NET_6", "", "R", 70.866, 39.37, 0, 0, 90],
		[497, "PAD32_1", 206.77, -1717.84, "T", "SMD", "GND", "GND", "R", 70.866, 39.37, 0, 0, 270],
		[498, "PAD33_2", 206.77, -2072.16, "T", "SMD", "GND", "GND", "R", 70.866, 39.37, 0, 0, 270],
		[499, "PAD34_3", 53.22, -1717.83, "T", "SMD", "NET_7", "", "R", 70.866, 39.37, 0, 0, 270],
		[500, "PAD35_4", 53.22, -2072.16, "T", "SMD", "NET_7", "", "R", 70.866, 39.37, 0, 0, 270],
		[501, "PAD36_6", 185, -1180, "T", "DIP", "NET_4", "", "C", 70.866, 70.866, 41.338, 41.338, 90],
		[502, "PAD36_6", 185, -1180, "B", "DIP", "NET_4", "", "C", 70.866, 70.866, 41.338, 41.338, 90],
		[503, "PAD37_5", 285, -1180, "T", "DIP", "NET_3", "", "C", 70.866, 70.866, 41.338, 41.338, 90],
		[504, "PAD37_5", 285, -1180, "B", "DIP", "NET_3", "", "C", 70.866, 70.866, 41.338, 41.338, 90],
		[505, "PAD38_4", 185, -1280, "T", "DIP", "PB11", "", "C", 70.866, 70.866, 41.338, 41.338, 90],
		[506, "PAD38_4", 185, -1280, "B", "DIP", "PB11", "", "C", 70.866, 70.866, 41.338, 41.338, 90],
		[507, "PAD39_3", 285, -1280, "T", "DIP", "PB10", "", "C", 70.866, 70.866, 41.338, 41.338, 90],
		[508, "PAD39_3", 285, -1280, "B", "DIP", "PB10", "", "C", 70.866, 70.866, 41.338, 41.338, 90],
		[509, "PAD40_2", 185, -1380, "T", "DIP", "NET_2", "", "C", 70.866, 70.866, 41.338, 41.338, 90],
		[510, "PAD40_2", 185, -1380, "B", "DIP", "NET_2", "", "C", 70.866, 70.866, 41.338, 41.338, 90],
		[511, "PAD41_1", 285, -1380, "T", "DIP", "NET_1", "", "R", 70.866, 70.866, 41.338, 41.338, 90],
		[512, "PAD41_1", 285, -1380, "B", "DIP", "NET_1", "", "R", 70.866, 70.866, 41.338, 41.338, 90],
		[513, "PAD42_5", 615, -1390, "T", "DIP", "5V", "", "C", 62.992, 62.992, 40.158, 40.158, 270],
		[514, "PAD42_5", 615, -1390, "B", "DIP", "5V", "", "C", 62.992, 62.992, 40.158, 40.158, 270],
		[515, "PAD43_4", 615, -1290, "T", "DIP", "GND", "GND", "C", 62.992, 62.992, 40.158, 40.158, 270],
		[516, "PAD43_4", 615, -1290, "B", "DIP", "GND", "GND", "C", 62.992, 62.992, 40.158, 40.158, 270],
		[517, "PAD44_3", 615, -1190, "T", "DIP", "NET_4", "", "C", 62.992, 62.992, 40.158, 40.158, 270],
		[518, "PAD44_3", 615, -1190, "B", "DIP", "NET_4", "", "C", 62.992, 62.992, 40.158, 40.158, 270],
		[519, "PAD45_2", 615, -1090, "T", "DIP", "NET_3", "", "C", 62.992, 62.992, 40.158, 40.158, 270],
		[520, "PAD45_2", 615, -1090, "B", "DIP", "NET_3", "", "C", 62.992, 62.992, 40.158, 40.158, 270],
		[521, "PAD46_1", 275, -2675, "T", "DIP", "5V", "", "C", 60, 60, 36, 36, 0],
		[522, "PAD46_1", 275, -2675, "B", "DIP", "5V", "", "C", 60, 60, 36, 36, 0],
		[523, "PAD47_2", 275, -2775, "T", "DIP", "GND", "GND", "C", 60, 60, 36, 36, 0],
		[524, "PAD47_2", 275, -2775, "B", "DIP", "GND", "GND", "C", 60, 60, 36, 36, 0],
		[525, "PAD48_3", 275, -2875, "T", "DIP", "PB8", "", "C", 60, 60, 36, 36, 0],
		[526, "PAD48_3", 275, -2875, "B", "DIP", "PB8", "", "C", 60, 60, 36, 36, 0],
		[527, "PAD49_4", 275, -2975, "T", "DIP", "PB9", "", "C", 60, 60, 36, 36, 0],
		[528, "PAD49_4", 275, -2975, "B", "DIP", "PB9", "", "C", 60, 60, 36, 36, 0],
		[529, "PAD50_1", 541.6, -3650, "T", "DIP", "3.3V", "", "R", 62.992, 62.992, 43.308, 43.308, 180],
		[530, "PAD50_1", 541.6, -3650, "B", "DIP", "3.3V", "", "R", 62.992, 62.992, 43.308, 43.308, 180],
		[531, "PAD51_2", 640.04, -3650, "T", "DIP", "GND", "GND", "C", 62.992, 62.992, 43.308, 43.308, 180],
		[532, "PAD51_2", 640.04, -3650, "B", "DIP", "GND", "GND", "C", 62.992, 62.992, 43.308, 43.308, 180],
		[533, "PAD52_3", 738.46, -3650, "T", "DIP", "PB5", "", "C", 62.992, 62.992, 43.308, 43.308, 180],
		[534, "PAD52_3", 738.46, -3650, "B", "DIP", "PB5", "", "C", 62.992, 62.992, 43.308, 43.308, 180],
		[535, "PAD53_1", 984.923, -3650.001, "T", "DIP", "5V", "", "R", 62.992, 62.992, 43.308, 43.308, 180],
		[536, "PAD53_1", 984.923, -3650.001, "B", "DIP", "5V", "", "R", 62.992, 62.992, 43.308, 43.308, 180],
		[537, "PAD54_2", 1083.363, -3650.001, "T", "DIP", "GND", "GND", "C", 62.992, 62.992, 43.308, 43.308, 180],
		[538, "PAD54_2", 1083.363, -3650.001, "B", "DIP", "GND", "GND", "C", 62.992, 62.992, 43.308, 43.308, 180],
		[539, "PAD55_3", 1181.783, -3650.001, "T", "DIP", "PB4", "", "C", 62.992, 62.992, 43.308, 43.308, 180],
		[540, "PAD55_3", 1181.783, -3650.001, "B", "DIP", "PB4", "", "C", 62.992, 62.992, 43.308, 43.308, 180],
		[541, "PAD56_1", 1428.249, -3650.001, "T", "DIP", "5V", "", "R", 62.992, 62.992, 43.308, 43.308, 180],
		[542, "PAD56_1", 1428.249, -3650.001, "B", "DIP", "5V", "", "R", 62.992, 62.992, 43.308, 43.308, 180],
		[543, "PAD57_2", 1526.689, -3650.001, "T", "DIP", "GND", "GND", "C", 62.992, 62.992, 43.308, 43.308, 180],
		[544, "PAD57_2", 1526.689, -3650.001, "B", "DIP", "GND", "GND", "C", 62.992, 62.992, 43.308, 43.308, 180],
		[545, "PAD58_3", 1625.109, -3650.001, "T", "DIP", "PB3", "", "C", 62.992, 62.992, 43.308, 43.308, 180],
		[546, "PAD58_3", 1625.109, -3650.001, "B", "DIP", "PB3", "", "C", 62.992, 62.992, 43.308, 43.308, 180],
		[547, "PAD59_1", 1871.575, -3650.001, "T", "DIP", "5V", "", "R", 62.992, 62.992, 43.308, 43.308, 180],
		[548, "PAD59_1", 1871.575, -3650.001, "B", "DIP", "5V", "", "R", 62.992, 62.992, 43.308, 43.308, 180],
		[549, "PAD60_2", 1970.015, -3650.001, "T", "DIP", "GND", "GND", "C", 62.992, 62.992, 43.308, 43.308, 180],
		[550, "PAD60_2", 1970.015, -3650.001, "B", "DIP", "GND", "GND", "C", 62.992, 62.992, 43.308, 43.308, 180],
		[551, "PAD61_3", 2068.435, -3650.001, "T", "DIP", "PA15", "", "C", 62.992, 62.992, 43.308, 43.308, 180],
		[552, "PAD61_3", 2068.435, -3650.001, "B", "DIP", "PA15", "", "C", 62.992, 62.992, 43.308, 43.308, 180],
		[553, "PAD62_1", 3635, -814.21, "T", "DIP", "AO2", "", "C", 70.866, 70.866, 43.308, 43.308, 90],
		[554, "PAD62_1", 3635, -814.21, "B", "DIP", "AO2", "", "C", 70.866, 70.866, 43.308, 43.308, 90],
		[555, "PAD63_2", 3635, -715.78, "T", "DIP", "AO1", "", "C", 70.866, 70.866, 43.308, 43.308, 90],
		[556, "PAD63_2", 3635, -715.78, "B", "DIP", "AO1", "", "C", 70.866, 70.866, 43.308, 43.308, 90],
		[557, "PAD64_1", 2322.36, -3630, "T", "DIP", "PA2", "", "C", 70.866, 70.866, 43.308, 43.308, 0],
		[558, "PAD64_1", 2322.36, -3630, "B", "DIP", "PA2", "", "C", 70.866, 70.866, 43.308, 43.308, 0],
		[559, "PAD65_2", 2420.79, -3630, "T", "DIP", "PA3", "", "C", 70.866, 70.866, 43.308, 43.308, 0],
		[560, "PAD65_2", 2420.79, -3630, "B", "DIP", "PA3", "", "C", 70.866, 70.866, 43.308, 43.308, 0],
		[561, "PAD66_3", 2519.21, -3630, "T", "DIP", "GND", "GND", "C", 70.866, 70.866, 43.308, 43.308, 0],
		[562, "PAD66_3", 2519.21, -3630, "B", "DIP", "GND", "GND", "C", 70.866, 70.866, 43.308, 43.308, 0],
		[563, "PAD67_4", 2617.64, -3630, "T", "DIP", "5V", "", "C", 70.866, 70.866, 43.308, 43.308, 0],
		[564, "PAD67_4", 2617.64, -3630, "B", "DIP", "5V", "", "C", 70.866, 70.866, 43.308, 43.308, 0],
		[565, "PAD68_1", 2872.36, -3630, "T", "DIP", "5V", "", "C", 70.866, 70.866, 43.308, 43.308, 0],
		[566, "PAD68_1", 2872.36, -3630, "B", "DIP", "5V", "", "C", 70.866, 70.866, 43.308, 43.308, 0],
		[567, "PAD69_2", 2970.79, -3630, "T", "DIP", "PA0", "", "C", 70.866, 70.866, 43.308, 43.308, 0],
		[568, "PAD69_2", 2970.79, -3630, "B", "DIP", "PA0", "", "C", 70.866, 70.866, 43.308, 43.308, 0],
		[569, "PAD70_3", 3069.21, -3630, "T", "DIP", "PA1", "", "C", 70.866, 70.866, 43.308, 43.308, 0],
		[570, "PAD70_3", 3069.21, -3630, "B", "DIP", "PA1", "", "C", 70.866, 70.866, 43.308, 43.308, 0],
		[571, "PAD71_4", 3167.64, -3630, "T", "DIP", "GND", "GND", "C", 70.866, 70.866, 43.308, 43.308, 0],
		[572, "PAD71_4", 3167.64, -3630, "B", "DIP", "GND", "GND", "C", 70.866, 70.866, 43.308, 43.308, 0],
		[573, "PAD72_1", 3635, -476.71, "T", "DIP", "AO2", "", "C", 70.866, 70.866, 43.308, 43.308, 90],
		[574, "PAD72_1", 3635, -476.71, "B", "DIP", "AO2", "", "C", 70.866, 70.866, 43.308, 43.308, 90],
		[575, "PAD73_2", 3635, -378.28, "T", "DIP", "AO1", "", "C", 70.866, 70.866, 43.308, 43.308, 90],
		[576, "PAD73_2", 3635, -378.28, "B", "DIP", "AO1", "", "C", 70.866, 70.866, 43.308, 43.308, 90],
		[577, "PAD74_1", 310, -715.79, "T", "DIP", "BO2", "", "C", 70.866, 70.866, 43.308, 43.308, 270],
		[578, "PAD74_1", 310, -715.79, "B", "DIP", "BO2", "", "C", 70.866, 70.866, 43.308, 43.308, 270],
		[579, "PAD75_2", 310, -814.22, "T", "DIP", "BO1", "", "C", 70.866, 70.866, 43.308, 43.308, 270],
		[580, "PAD75_2", 310, -814.22, "B", "DIP", "BO1", "", "C", 70.866, 70.866, 43.308, 43.308, 270],
		[581, "PAD76_1", 305, -378.29, "T", "DIP", "BO2", "", "C", 70.866, 70.866, 43.308, 43.308, 270],
		[582, "PAD76_1", 305, -378.29, "B", "DIP", "BO2", "", "C", 70.866, 70.866, 43.308, 43.308, 270],
		[583, "PAD77_2", 305, -476.72, "T", "DIP", "BO1", "", "C", 70.866, 70.866, 43.308, 43.308, 270],
		[584, "PAD77_2", 305, -476.72, "B", "DIP", "BO1", "", "C", 70.866, 70.866, 43.308, 43.308, 270],
		[585, "PAD78_1", 3147.51, -552.04, "T", "DIP", "DC1_1", "", "O", 78.74, 181.102, 47.244, 145.67, 270],
		[586, "PAD78_1", 3147.51, -552.04, "B", "DIP", "DC1_1", "", "O", 78.74, 181.102, 47.244, 145.67, 270],
		[587, "PAD79_2", 3147.52, -307.96, "T", "DIP", "GND", "GND", "O", 78.74, 181.102, 47.244, 145.67, 90],
		[588, "PAD79_2", 3147.52, -307.96, "B", "DIP", "GND", "GND", "O", 78.74, 181.102, 47.244, 145.67, 90],
		[589, "PAD80_3", 2962.47, -433.94, "T", "DIP", "GND", "GND", "O", 181.102, 78.74, 47.244, 145.67, 270],
		[590, "PAD80_3", 2962.47, -433.94, "B", "DIP", "GND", "GND", "O", 181.102, 78.74, 47.244, 145.67, 270],
		[591, "PAD81_20", 1900, -1180, "T", "DIP", "GND", "GND", "C", 62, 62, 35, 35, 90],
		[592, "PAD81_20", 1900, -1180, "B", "DIP", "GND", "GND", "C", 62, 62, 35, 35, 90],
		[593, "PAD82_19", 1900, -1280, "T", "DIP", "GND", "GND", "C", 62, 62, 35, 35, 90],
		[594, "PAD82_19", 1900, -1280, "B", "DIP", "GND", "GND", "C", 62, 62, 35, 35, 90],
		[595, "PAD83_18", 1900, -1380, "T", "DIP", "3.3V", "", "C", 62, 62, 35, 35, 90],
		[596, "PAD83_18", 1900, -1380, "B", "DIP", "3.3V", "", "C", 62, 62, 35, 35, 90],
		[597, "PAD84_17", 1900, -1480, "T", "DIP", "NRST", "", "C", 62, 62, 35, 35, 90],
		[598, "PAD84_17", 1900, -1480, "B", "DIP", "NRST", "", "C", 62, 62, 35, 35, 90],
		[599, "PAD85_16", 1900, -1580, "T", "DIP", "PB11", "", "C", 62, 62, 35, 35, 90],
		[600, "PAD85_16", 1900, -1580, "B", "DIP", "PB11", "", "C", 62, 62, 35, 35, 90],
		[601, "PAD86_15", 1900, -1680, "T", "DIP", "PB10", "", "C", 62, 62, 35, 35, 90],
		[602, "PAD86_15", 1900, -1680, "B", "DIP", "PB10", "", "C", 62, 62, 35, 35, 90],
		[603, "PAD87_14", 1900, -1780, "T", "DIP", "PB1", "", "C", 62, 62, 35, 35, 90],
		[604, "PAD87_14", 1900, -1780, "B", "DIP", "PB1", "", "C", 62, 62, 35, 35, 90],
		[605, "PAD88_13", 1900, -1880, "T", "DIP", "PB0", "", "C", 62, 62, 35, 35, 90],
		[606, "PAD88_13", 1900, -1880, "B", "DIP", "PB0", "", "C", 62, 62, 35, 35, 90],
		[607, "PAD89_12", 1900, -1980, "T", "DIP", "PA7", "", "C", 62, 62, 35, 35, 90],
		[608, "PAD89_12", 1900, -1980, "B", "DIP", "PA7", "", "C", 62, 62, 35, 35, 90],
		[609, "PAD90_11", 1900, -2080, "T", "DIP", "PA6", "", "C", 62, 62, 35, 35, 90],
		[610, "PAD90_11", 1900, -2080, "B", "DIP", "PA6", "", "C", 62, 62, 35, 35, 90],
		[611, "PAD91_10", 1900, -2180, "T", "DIP", "PA5", "", "C", 62, 62, 35, 35, 90],
		[612, "PAD91_10", 1900, -2180, "B", "DIP", "PA5", "", "C", 62, 62, 35, 35, 90],
		[613, "PAD92_9", 1900, -2280, "T", "DIP", "PA4", "", "C", 62, 62, 35, 35, 90],
		[614, "PAD92_9", 1900, -2280, "B", "DIP", "PA4", "", "C", 62, 62, 35, 35, 90],
		[615, "PAD93_8", 1900, -2380, "T", "DIP", "PA3", "", "C", 62, 62, 35, 35, 90],
		[616, "PAD93_8", 1900, -2380, "B", "DIP", "PA3", "", "C", 62, 62, 35, 35, 90],
		[617, "PAD94_7", 1900, -2480, "T", "DIP", "PA2", "", "C", 62, 62, 35, 35, 90],
		[618, "PAD94_7", 1900, -2480, "B", "DIP", "PA2", "", "C", 62, 62, 35, 35, 90],
		[619, "PAD95_6", 1900, -2580, "T", "DIP", "PA1", "", "C", 62, 62, 35, 35, 90],
		[620, "PAD95_6", 1900, -2580, "B", "DIP", "PA1", "", "C", 62, 62, 35, 35, 90],
		[621, "PAD96_5", 1900, -2680, "T", "DIP", "PA0", "", "C", 62, 62, 35, 35, 90],
		[622, "PAD96_5", 1900, -2680, "B", "DIP", "PA0", "", "C", 62, 62, 35, 35, 90],
		[623, "PAD97_4", 1900, -2780, "T", "DIP", "PC15", "", "C", 62, 62, 35, 35, 90],
		[624, "PAD97_4", 1900, -2780, "B", "DIP", "PC15", "", "C", 62, 62, 35, 35, 90],
		[625, "PAD98_3", 1900, -2880, "T", "DIP", "PC14", "", "C", 62, 62, 35, 35, 90],
		[626, "PAD98_3", 1900, -2880, "B", "DIP", "PC14", "", "C", 62, 62, 35, 35, 90],
		[627, "PAD99_2", 1900, -2980, "T", "DIP", "PC13", "", "C", 62, 62, 35, 35, 90],
		[628, "PAD99_2", 1900, -2980, "B", "DIP", "PC13", "", "C", 62, 62, 35, 35, 90],
		[629, "PAD100_1", 1900, -3080, "T", "DIP", "VBAT", "", "R", 62, 62, 35, 35, 90],
		[630, "PAD100_1", 1900, -3080, "B", "DIP", "VBAT", "", "R", 62, 62, 35, 35, 90],
		[631, "PAD101_20", 1300, -1180, "T", "DIP", "PB12", "", "C", 62, 62, 35, 35, 90],
		[632, "PAD101_20", 1300, -1180, "B", "DIP", "PB12", "", "C", 62, 62, 35, 35, 90],
		[633, "PAD102_19", 1300, -1280, "T", "DIP", "PB13", "", "C", 62, 62, 35, 35, 90],
		[634, "PAD102_19", 1300, -1280, "B", "DIP", "PB13", "", "C", 62, 62, 35, 35, 90],
		[635, "PAD103_18", 1300, -1380, "T", "DIP", "PB14", "", "C", 62, 62, 35, 35, 90],
		[636, "PAD103_18", 1300, -1380, "B", "DIP", "PB14", "", "C", 62, 62, 35, 35, 90],
		[637, "PAD104_17", 1300, -1480, "T", "DIP", "PB15", "", "C", 62, 62, 35, 35, 90],
		[638, "PAD104_17", 1300, -1480, "B", "DIP", "PB15", "", "C", 62, 62, 35, 35, 90],
		[639, "PAD105_16", 1300, -1580, "T", "DIP", "PA8", "", "C", 62, 62, 35, 35, 90],
		[640, "PAD105_16", 1300, -1580, "B", "DIP", "PA8", "", "C", 62, 62, 35, 35, 90],
		[641, "PAD106_15", 1300, -1680, "T", "DIP", "PA9", "", "C", 62, 62, 35, 35, 90],
		[642, "PAD106_15", 1300, -1680, "B", "DIP", "PA9", "", "C", 62, 62, 35, 35, 90],
		[643, "PAD107_14", 1300, -1780, "T", "DIP", "PA10", "", "C", 62, 62, 35, 35, 90],
		[644, "PAD107_14", 1300, -1780, "B", "DIP", "PA10", "", "C", 62, 62, 35, 35, 90],
		[645, "PAD108_13", 1300, -1880, "T", "DIP", "PA11", "", "C", 62, 62, 35, 35, 90],
		[646, "PAD108_13", 1300, -1880, "B", "DIP", "PA11", "", "C", 62, 62, 35, 35, 90],
		[647, "PAD109_12", 1300, -1980, "T", "DIP", "PA12", "", "C", 62, 62, 35, 35, 90],
		[648, "PAD109_12", 1300, -1980, "B", "DIP", "PA12", "", "C", 62, 62, 35, 35, 90],
		[649, "PAD110_11", 1300, -2080, "T", "DIP", "PA15", "", "C", 62, 62, 35, 35, 90],
		[650, "PAD110_11", 1300, -2080, "B", "DIP", "PA15", "", "C", 62, 62, 35, 35, 90],
		[651, "PAD111_10", 1300, -2180, "T", "DIP", "PB3", "", "C", 62, 62, 35, 35, 90],
		[652, "PAD111_10", 1300, -2180, "B", "DIP", "PB3", "", "C", 62, 62, 35, 35, 90],
		[653, "PAD112_9", 1300, -2280, "T", "DIP", "PB4", "", "C", 62, 62, 35, 35, 90],
		[654, "PAD112_9", 1300, -2280, "B", "DIP", "PB4", "", "C", 62, 62, 35, 35, 90],
		[655, "PAD113_8", 1300, -2380, "T", "DIP", "PB5", "", "C", 62, 62, 35, 35, 90],
		[656, "PAD113_8", 1300, -2380, "B", "DIP", "PB5", "", "C", 62, 62, 35, 35, 90],
		[657, "PAD114_7", 1300, -2480, "T", "DIP", "PB6", "", "C", 62, 62, 35, 35, 90],
		[658, "PAD114_7", 1300, -2480, "B", "DIP", "PB6", "", "C", 62, 62, 35, 35, 90],
		[659, "PAD115_6", 1300, -2580, "T", "DIP", "PB7", "", "C", 62, 62, 35, 35, 90],
		[660, "PAD115_6", 1300, -2580, "B", "DIP", "PB7", "", "C", 62, 62, 35, 35, 90],
		[661, "PAD116_5", 1300, -2680, "T", "DIP", "PB8", "", "C", 62, 62, 35, 35, 90],
		[662, "PAD116_5", 1300, -2680, "B", "DIP", "PB8", "", "C", 62, 62, 35, 35, 90],
		[663, "PAD117_4", 1300, -2780, "T", "DIP", "PB9", "", "C", 62, 62, 35, 35, 90],
		[664, "PAD117_4", 1300, -2780, "B", "DIP", "PB9", "", "C", 62, 62, 35, 35, 90],
		[665, "PAD118_3", 1300, -2880, "T", "DIP", "5V", "", "C", 62, 62, 35, 35, 90],
		[666, "PAD118_3", 1300, -2880, "B", "DIP", "5V", "", "C", 62, 62, 35, 35, 90],
		[667, "PAD119_2", 1300, -2980, "T", "DIP", "GND", "GND", "C", 62, 62, 35, 35, 90],
		[668, "PAD119_2", 1300, -2980, "B", "DIP", "GND", "GND", "C", 62, 62, 35, 35, 90],
		[669, "PAD120_1", 1300, -3080, "T", "DIP", "3.3V", "", "R", 62, 62, 35, 35, 90],
		[670, "PAD120_1", 1300, -3080, "B", "DIP", "3.3V", "", "R", 62, 62, 35, 35, 90],
		[671, "PAD121_1", 2425, -235, "T", "DIP", "VBAT_IN", "", "R", 62, 62, 35, 35, 0],
		[672, "PAD121_1", 2425, -235, "B", "DIP", "VBAT_IN", "", "R", 62, 62, 35, 35, 0],
		[673, "PAD122_2", 2425, -135, "T", "DIP", "VBAT_IN", "", "C", 62, 62, 35, 35, 0],
		[674, "PAD122_2", 2425, -135, "B", "DIP", "VBAT_IN", "", "C", 62, 62, 35, 35, 0],
		[675, "PAD123_1", 2425, -635, "T", "DIP", "GND", "GND", "R", 62, 62, 35, 35, 0],
		[676, "PAD123_1", 2425, -635, "B", "DIP", "GND", "GND", "R", 62, 62, 35, 35, 0],
		[677, "PAD124_2", 2425, -535, "T", "DIP", "GND", "GND", "C", 62, 62, 35, 35, 0],
		[678, "PAD124_2", 2425, -535, "B", "DIP", "GND", "GND", "C", 62, 62, 35, 35, 0],
		[679, "PAD125_1", 1725, -235, "T", "DIP", "5V", "", "R", 62, 62, 35, 35, 0],
		[680, "PAD125_1", 1725, -235, "B", "DIP", "5V", "", "R", 62, 62, 35, 35, 0],
		[681, "PAD126_2", 1725, -135, "T", "DIP", "5V", "", "C", 62, 62, 35, 35, 0],
		[682, "PAD126_2", 1725, -135, "B", "DIP", "5V", "", "C", 62, 62, 35, 35, 0],
		[683, "PAD127_1", 1725, -635, "T", "DIP", "GND", "GND", "R", 62, 62, 35, 35, 0],
		[684, "PAD127_1", 1725, -635, "B", "DIP", "GND", "GND", "R", 62, 62, 35, 35, 0],
		[685, "PAD128_2", 1725, -535, "T", "DIP", "GND", "GND", "C", 62, 62, 35, 35, 0],
		[686, "PAD128_2", 1725, -535, "B", "DIP", "GND", "GND", "C", 62, 62, 35, 35, 0],
		[687, "PAD129_20", 2205, -1180, "T", "DIP", "GND", "GND", "C", 62, 62, 35, 35, 90],
		[688, "PAD129_20", 2205, -1180, "B", "DIP", "GND", "GND", "C", 62, 62, 35, 35, 90],
		[689, "PAD130_19", 2205, -1280, "T", "DIP", "GND", "GND", "C", 62, 62, 35, 35, 90],
		[690, "PAD130_19", 2205, -1280, "B", "DIP", "GND", "GND", "C", 62, 62, 35, 35, 90],
		[691, "PAD131_18", 2205, -1380, "T", "DIP", "3.3V", "", "C", 62, 62, 35, 35, 90],
		[692, "PAD131_18", 2205, -1380, "B", "DIP", "3.3V", "", "C", 62, 62, 35, 35, 90],
		[693, "PAD132_17", 2205, -1480, "T", "DIP", "NRST", "", "C", 62, 62, 35, 35, 90],
		[694, "PAD132_17", 2205, -1480, "B", "DIP", "NRST", "", "C", 62, 62, 35, 35, 90],
		[695, "PAD133_16", 2205, -1580, "T", "DIP", "PB11", "", "C", 62, 62, 35, 35, 90],
		[696, "PAD133_16", 2205, -1580, "B", "DIP", "PB11", "", "C", 62, 62, 35, 35, 90],
		[697, "PAD134_15", 2205, -1680, "T", "DIP", "PB10", "", "C", 62, 62, 35, 35, 90],
		[698, "PAD134_15", 2205, -1680, "B", "DIP", "PB10", "", "C", 62, 62, 35, 35, 90],
		[699, "PAD135_14", 2205, -1780, "T", "DIP", "PB1", "", "C", 62, 62, 35, 35, 90],
		[700, "PAD135_14", 2205, -1780, "B", "DIP", "PB1", "", "C", 62, 62, 35, 35, 90],
		[701, "PAD136_13", 2205, -1880, "T", "DIP", "PB0", "", "C", 62, 62, 35, 35, 90],
		[702, "PAD136_13", 2205, -1880, "B", "DIP", "PB0", "", "C", 62, 62, 35, 35, 90],
		[703, "PAD137_12", 2205, -1980, "T", "DIP", "PA7", "", "C", 62, 62, 35, 35, 90],
		[704, "PAD137_12", 2205, -1980, "B", "DIP", "PA7", "", "C", 62, 62, 35, 35, 90],
		[705, "PAD138_11", 2205, -2080, "T", "DIP", "PA6", "", "C", 62, 62, 35, 35, 90],
		[706, "PAD138_11", 2205, -2080, "B", "DIP", "PA6", "", "C", 62, 62, 35, 35, 90],
		[707, "PAD139_10", 2205, -2180, "T", "DIP", "PA5", "", "C", 62, 62, 35, 35, 90],
		[708, "PAD139_10", 2205, -2180, "B", "DIP", "PA5", "", "C", 62, 62, 35, 35, 90],
		[709, "PAD140_9", 2205, -2280, "T", "DIP", "PA4", "", "C", 62, 62, 35, 35, 90],
		[710, "PAD140_9", 2205, -2280, "B", "DIP", "PA4", "", "C", 62, 62, 35, 35, 90],
		[711, "PAD141_8", 2205, -2380, "T", "DIP", "PA3", "", "C", 62, 62, 35, 35, 90],
		[712, "PAD141_8", 2205, -2380, "B", "DIP", "PA3", "", "C", 62, 62, 35, 35, 90],
		[713, "PAD142_7", 2205, -2480, "T", "DIP", "PA2", "", "C", 62, 62, 35, 35, 90],
		[714, "PAD142_7", 2205, -2480, "B", "DIP", "PA2", "", "C", 62, 62, 35, 35, 90],
		[715, "PAD143_6", 2205, -2580, "T", "DIP", "PA1", "", "C", 62, 62, 35, 35, 90],
		[716, "PAD143_6", 2205, -2580, "B", "DIP", "PA1", "", "C", 62, 62, 35, 35, 90],
		[717, "PAD144_5", 2205, -2680, "T", "DIP", "PA0", "", "C", 62, 62, 35, 35, 90],
		[718, "PAD144_5", 2205, -2680, "B", "DIP", "PA0", "", "C", 62, 62, 35, 35, 90],
		[719, "PAD145_4", 2205, -2780, "T", "DIP", "PC15", "", "C", 62, 62, 35, 35, 90],
		[720, "PAD145_4", 2205, -2780, "B", "DIP", "PC15", "", "C", 62, 62, 35, 35, 90],
		[721, "PAD146_3", 2205, -2880, "T", "DIP", "PC14", "", "C", 62, 62, 35, 35, 90],
		[722, "PAD146_3", 2205, -2880, "B", "DIP", "PC14", "", "C", 62, 62, 35, 35, 90],
		[723, "PAD147_2", 2205, -2980, "T", "DIP", "PC13", "", "C", 62, 62, 35, 35, 90],
		[724, "PAD147_2", 2205, -2980, "B", "DIP", "PC13", "", "C", 62, 62, 35, 35, 90],
		[725, "PAD148_1", 2205, -3080, "T", "DIP", "VBAT", "", "R", 62, 62, 35, 35, 90],
		[726, "PAD148_1", 2205, -3080, "B", "DIP", "VBAT", "", "R", 62, 62, 35, 35, 90],
		[727, "PAD149_20", 995, -1180, "T", "DIP", "PB12", "", "C", 62, 62, 35, 35, 90],
		[728, "PAD149_20", 995, -1180, "B", "DIP", "PB12", "", "C", 62, 62, 35, 35, 90],
		[729, "PAD150_19", 995, -1280, "T", "DIP", "PB13", "", "C", 62, 62, 35, 35, 90],
		[730, "PAD150_19", 995, -1280, "B", "DIP", "PB13", "", "C", 62, 62, 35, 35, 90],
		[731, "PAD151_18", 995, -1380, "T", "DIP", "PB14", "", "C", 62, 62, 35, 35, 90],
		[732, "PAD151_18", 995, -1380, "B", "DIP", "PB14", "", "C", 62, 62, 35, 35, 90],
		[733, "PAD152_17", 995, -1480, "T", "DIP", "PB15", "", "C", 62, 62, 35, 35, 90],
		[734, "PAD152_17", 995, -1480, "B", "DIP", "PB15", "", "C", 62, 62, 35, 35, 90],
		[735, "PAD153_16", 995, -1580, "T", "DIP", "PA8", "", "C", 62, 62, 35, 35, 90],
		[736, "PAD153_16", 995, -1580, "B", "DIP", "PA8", "", "C", 62, 62, 35, 35, 90],
		[737, "PAD154_15", 995, -1680, "T", "DIP", "PA9", "", "C", 62, 62, 35, 35, 90],
		[738, "PAD154_15", 995, -1680, "B", "DIP", "PA9", "", "C", 62, 62, 35, 35, 90],
		[739, "PAD155_14", 995, -1780, "T", "DIP", "PA10", "", "C", 62, 62, 35, 35, 90],
		[740, "PAD155_14", 995, -1780, "B", "DIP", "PA10", "", "C", 62, 62, 35, 35, 90],
		[741, "PAD156_13", 995, -1880, "T", "DIP", "PA11", "", "C", 62, 62, 35, 35, 90],
		[742, "PAD156_13", 995, -1880, "B", "DIP", "PA11", "", "C", 62, 62, 35, 35, 90],
		[743, "PAD157_12", 995, -1980, "T", "DIP", "PA12", "", "C", 62, 62, 35, 35, 90],
		[744, "PAD157_12", 995, -1980, "B", "DIP", "PA12", "", "C", 62, 62, 35, 35, 90],
		[745, "PAD158_11", 995, -2080, "T", "DIP", "PA15", "", "C", 62, 62, 35, 35, 90],
		[746, "PAD158_11", 995, -2080, "B", "DIP", "PA15", "", "C", 62, 62, 35, 35, 90],
		[747, "PAD159_10", 995, -2180, "T", "DIP", "PB3", "", "C", 62, 62, 35, 35, 90],
		[748, "PAD159_10", 995, -2180, "B", "DIP", "PB3", "", "C", 62, 62, 35, 35, 90],
		[749, "PAD160_9", 995, -2280, "T", "DIP", "PB4", "", "C", 62, 62, 35, 35, 90],
		[750, "PAD160_9", 995, -2280, "B", "DIP", "PB4", "", "C", 62, 62, 35, 35, 90],
		[751, "PAD161_8", 995, -2380, "T", "DIP", "PB5", "", "C", 62, 62, 35, 35, 90],
		[752, "PAD161_8", 995, -2380, "B", "DIP", "PB5", "", "C", 62, 62, 35, 35, 90],
		[753, "PAD162_7", 995, -2480, "T", "DIP", "PB6", "", "C", 62, 62, 35, 35, 90],
		[754, "PAD162_7", 995, -2480, "B", "DIP", "PB6", "", "C", 62, 62, 35, 35, 90],
		[755, "PAD163_6", 995, -2580, "T", "DIP", "PB7", "", "C", 62, 62, 35, 35, 90],
		[756, "PAD163_6", 995, -2580, "B", "DIP", "PB7", "", "C", 62, 62, 35, 35, 90],
		[757, "PAD164_5", 995, -2680, "T", "DIP", "PB8", "", "C", 62, 62, 35, 35, 90],
		[758, "PAD164_5", 995, -2680, "B", "DIP", "PB8", "", "C", 62, 62, 35, 35, 90],
		[759, "PAD165_4", 995, -2780, "T", "DIP", "PB9", "", "C", 62, 62, 35, 35, 90],
		[760, "PAD165_4", 995, -2780, "B", "DIP", "PB9", "", "C", 62, 62, 35, 35, 90],
		[761, "PAD166_3", 995, -2880, "T", "DIP", "5V", "", "C", 62, 62, 35, 35, 90],
		[762, "PAD166_3", 995, -2880, "B", "DIP", "5V", "", "C", 62, 62, 35, 35, 90],
		[763, "PAD167_2", 995, -2980, "T", "DIP", "GND", "GND", "C", 62, 62, 35, 35, 90],
		[764, "PAD167_2", 995, -2980, "B", "DIP", "GND", "GND", "C", 62, 62, 35, 35, 90],
		[765, "PAD168_1", 995, -3080, "T", "DIP", "3.3V", "", "R", 62, 62, 35, 35, 90],
		[766, "PAD168_1", 995, -3080, "B", "DIP", "3.3V", "", "R", 62, 62, 35, 35, 90],
		[767, "PAD169_1", 2560, -1115, "T", "DIP", "GND", "GND", "R", 62, 62, 35, 35, 90],
		[768, "PAD169_1", 2560, -1115, "B", "DIP", "GND", "GND", "R", 62, 62, 35, 35, 90],
		[769, "PAD170_2", 2560, -1015, "T", "DIP", "PB15", "", "C", 62, 62, 35, 35, 90],
		[770, "PAD170_2", 2560, -1015, "B", "DIP", "PB15", "", "C", 62, 62, 35, 35, 90],
		[771, "PAD171_3", 2560, -915, "T", "DIP", "5V", "", "C", 62, 62, 36, 36, 90],
		[772, "PAD171_3", 2560, -915, "B", "DIP", "5V", "", "C", 62, 62, 36, 36, 90],
		[773, "PAD172_1", 3100, -830, "T", "DIP", "GND", "GND", "R", 62, 62, 35, 35, 270],
		[774, "PAD172_1", 3100, -830, "B", "DIP", "GND", "GND", "R", 62, 62, 35, 35, 270],
		[775, "PAD173_2", 3100, -930, "T", "DIP", "PB14", "", "C", 62, 62, 35, 35, 270],
		[776, "PAD173_2", 3100, -930, "B", "DIP", "PB14", "", "C", 62, 62, 35, 35, 270],
		[777, "PAD174_3", 3100, -1030, "T", "DIP", "5V", "", "C", 62, 62, 36, 36, 270],
		[778, "PAD174_3", 3100, -1030, "B", "DIP", "5V", "", "C", 62, 62, 36, 36, 270],
		[779, "PAD175_1", 3855, -1825, "T", "DIP", "GND", "GND", "R", 62, 62, 35, 35, 180],
		[780, "PAD175_1", 3855, -1825, "B", "DIP", "GND", "GND", "R", 62, 62, 35, 35, 180],
		[781, "PAD176_2", 3755, -1825, "T", "DIP", "5V", "", "C", 62, 62, 35, 35, 180],
		[782, "PAD176_2", 3755, -1825, "B", "DIP", "5V", "", "C", 62, 62, 35, 35, 180],
		[783, "PAD177_3", 3655, -1825, "T", "DIP", "PA10", "", "C", 62, 62, 35, 35, 180],
		[784, "PAD177_3", 3655, -1825, "B", "DIP", "PA10", "", "C", 62, 62, 35, 35, 180],
		[785, "PAD178_4", 3555, -1825, "T", "DIP", "PA9", "", "C", 62, 62, 35, 35, 180],
		[786, "PAD178_4", 3555, -1825, "B", "DIP", "PA9", "", "C", 62, 62, 35, 35, 180],
		[787, "PAD179_1", 3855.83, -1505.92, "T", "DIP", "GND", "GND", "R", 62, 62, 35, 35, 180],
		[788, "PAD179_1", 3855.83, -1505.92, "B", "DIP", "GND", "GND", "R", 62, 62, 35, 35, 180],
		[789, "PAD180_2", 3755.83, -1505.92, "T", "DIP", "5V", "", "C", 62, 62, 35, 35, 180],
		[790, "PAD180_2", 3755.83, -1505.92, "B", "DIP", "5V", "", "C", 62, 62, 35, 35, 180],
		[791, "PAD181_3", 3655.83, -1505.92, "T", "DIP", "PA3", "", "C", 62, 62, 35, 35, 180],
		[792, "PAD181_3", 3655.83, -1505.92, "B", "DIP", "PA3", "", "C", 62, 62, 35, 35, 180],
		[793, "PAD182_4", 3555.83, -1505.92, "T", "DIP", "PA2", "", "C", 62, 62, 35, 35, 180],
		[794, "PAD182_4", 3555.83, -1505.92, "B", "DIP", "PA2", "", "C", 62, 62, 35, 35, 180],
		[795, "PAD183_1", 3855, -1190, "T", "DIP", "GND", "GND", "R", 62, 62, 35, 35, 180],
		[796, "PAD183_1", 3855, -1190, "B", "DIP", "GND", "GND", "R", 62, 62, 35, 35, 180],
		[797, "PAD184_2", 3755, -1190, "T", "DIP", "5V", "", "C", 62, 62, 35, 35, 180],
		[798, "PAD184_2", 3755, -1190, "B", "DIP", "5V", "", "C", 62, 62, 35, 35, 180],
		[799, "PAD185_3", 3655, -1190, "T", "DIP", "PB11", "", "C", 62, 62, 35, 35, 180],
		[800, "PAD185_3", 3655, -1190, "B", "DIP", "PB11", "", "C", 62, 62, 35, 35, 180],
		[801, "PAD186_4", 3555, -1190, "T", "DIP", "PB10", "", "C", 62, 62, 35, 35, 180],
		[802, "PAD186_4", 3555, -1190, "B", "DIP", "PB10", "", "C", 62, 62, 35, 35, 180],
		[803, "PAD187_1", 2310, -3465, "T", "DIP", "PA2", "", "R", 62, 62, 35, 35, 0],
		[804, "PAD187_1", 2310, -3465, "B", "DIP", "PA2", "", "R", 62, 62, 35, 35, 0],
		[805, "PAD188_2", 2410, -3465, "T", "DIP", "PA3", "", "C", 62, 62, 35, 35, 0],
		[806, "PAD188_2", 2410, -3465, "B", "DIP", "PA3", "", "C", 62, 62, 35, 35, 0],
		[807, "PAD189_3", 2510, -3465, "T", "DIP", "GND", "GND", "C", 62, 62, 35, 35, 0],
		[808, "PAD189_3", 2510, -3465, "B", "DIP", "GND", "GND", "C", 62, 62, 35, 35, 0],
		[809, "PAD190_4", 2610, -3465, "T", "DIP", "5V", "", "C", 62, 62, 35, 35, 0],
		[810, "PAD190_4", 2610, -3465, "B", "DIP", "5V", "", "C", 62, 62, 35, 35, 0],
		[811, "PAD191_1", 2870, -3475, "T", "DIP", "5V", "", "R", 62, 62, 35, 35, 0],
		[812, "PAD191_1", 2870, -3475, "B", "DIP", "5V", "", "R", 62, 62, 35, 35, 0],
		[813, "PAD192_2", 2970, -3475, "T", "DIP", "PA0", "", "C", 62, 62, 35, 35, 0],
		[814, "PAD192_2", 2970, -3475, "B", "DIP", "PA0", "", "C", 62, 62, 35, 35, 0],
		[815, "PAD193_3", 3070, -3475, "T", "DIP", "PA1", "", "C", 62, 62, 35, 35, 0],
		[816, "PAD193_3", 3070, -3475, "B", "DIP", "PA1", "", "C", 62, 62, 35, 35, 0],
		[817, "PAD194_4", 3170, -3475, "T", "DIP", "GND", "GND", "C", 62, 62, 35, 35, 0],
		[818, "PAD194_4", 3170, -3475, "B", "DIP", "GND", "GND", "C", 62, 62, 35, 35, 0],
		[819, "PAD195_4", 2520, -1470, "T", "DIP", "PB6", "", "C", 62, 62, 35, 35, 90],
		[820, "PAD195_4", 2520, -1470, "B", "DIP", "PB6", "", "C", 62, 62, 35, 35, 90],
		[821, "PAD196_3", 2520, -1570, "T", "DIP", "PB7", "", "C", 62, 62, 35, 35, 90],
		[822, "PAD196_3", 2520, -1570, "B", "DIP", "PB7", "", "C", 62, 62, 35, 35, 90],
		[823, "PAD197_2", 2520, -1670, "T", "DIP", "GND", "GND", "C", 62, 62, 35, 35, 90],
		[824, "PAD197_2", 2520, -1670, "B", "DIP", "GND", "GND", "C", 62, 62, 35, 35, 90],
		[825, "PAD198_1", 2520, -1770, "T", "DIP", "5V", "", "R", 62, 62, 35, 35, 90],
		[826, "PAD198_1", 2520, -1770, "B", "DIP", "5V", "", "R", 62, 62, 35, 35, 90],
		[827, "PAD199_2", 1684.66, -2170, "T", "SMD", "VBAT_IN", "", "R", 31.751, 34.016, 0, 0, 0],
		[828, "PAD200_1", 1625.34, -2170, "T", "SMD", "R1_1", "", "R", 31.751, 34.016, 0, 0, 0],
		[829, "PAD201_2", 1625.34, -2237.5, "T", "SMD", "R1_1", "", "R", 31.751, 34.016, 0, 0, 180],
		[830, "PAD202_1", 1684.66, -2237.5, "T", "SMD", "PA4", "", "R", 31.751, 34.016, 0, 0, 180],
		[831, "PAD203_2", 1684.66, -2305, "T", "SMD", "PA4", "", "R", 31.751, 34.016, 0, 0, 0],
		[832, "PAD204_1", 1625.34, -2305, "T", "SMD", "GND", "GND", "R", 31.751, 34.016, 0, 0, 0],
		[833, "PAD205_1", 3886.77, -2207.84, "T", "SMD", "PA7", "", "R", 70.866, 39.37, 0, 0, 270],
		[834, "PAD206_2", 3886.77, -2562.16, "T", "SMD", "PA7", "", "R", 70.866, 39.37, 0, 0, 270],
		[835, "PAD207_3", 3733.22, -2207.83, "T", "SMD", "3.3V", "", "R", 70.866, 39.37, 0, 0, 270],
		[836, "PAD208_4", 3733.22, -2562.16, "T", "SMD", "3.3V", "", "R", 70.866, 39.37, 0, 0, 270],
		[837, "PAD209_1", 3728.23, -3137.16, "T", "SMD", "PA12", "", "R", 70.866, 39.37, 0, 0, 90],
		[838, "PAD210_2", 3728.23, -2782.84, "T", "SMD", "PA12", "", "R", 70.866, 39.37, 0, 0, 90],
		[839, "PAD211_3", 3881.78, -3137.17, "T", "SMD", "GND", "GND", "R", 70.866, 39.37, 0, 0, 90],
		[840, "PAD212_4", 3881.78, -2782.84, "T", "SMD", "GND", "GND", "R", 70.866, 39.37, 0, 0, 90],
		[841, "PAD213_1", 2760, -525.04, "T", "DIP", "DC1_1", "", "C", 98.425, 98.425, 70.866, 70.866, 90],
		[842, "PAD213_1", 2760, -525.04, "B", "DIP", "DC1_1", "", "C", 98.425, 98.425, 70.866, 70.866, 90],
		[843, "PAD214_2", 2760, -340, "T", "DIP", "VBAT_IN", "", "C", 98.425, 98.425, 70.866, 70.866, 90],
		[844, "PAD214_2", 2760, -340, "B", "DIP", "VBAT_IN", "", "C", 98.425, 98.425, 70.866, 70.866, 90],
		[845, "PAD215_1", 730.06, -2479.91, "T", "DIP", "3.3V", "", "C", 62, 62, 35, 35, 0],
		[846, "PAD215_1", 730.06, -2479.91, "B", "DIP", "3.3V", "", "C", 62, 62, 35, 35, 0],
		[847, "PAD216_2", 630.04, -2479.95, "T", "DIP", "NET_7", "", "C", 62, 62, 35, 35, 0],
		[848, "PAD216_2", 630.04, -2479.95, "B", "DIP", "NET_7", "", "C", 62, 62, 35, 35, 0],
		[849, "PAD217_3", 530.04, -2479.95, "T", "DIP", "3.3V", "", "C", 62, 62, 35, 35, 0],
		[850, "PAD217_3", 530.04, -2479.95, "B", "DIP", "3.3V", "", "C", 62, 62, 35, 35, 0],
		[851, "PAD218_4", 430.04, -2479.95, "T", "DIP", "NET_2", "", "C", 62, 62, 35, 35, 0],
		[852, "PAD218_4", 430.04, -2479.95, "B", "DIP", "NET_2", "", "C", 62, 62, 35, 35, 0],
		[853, "PAD219_5", 429.94, -2380.05, "T", "DIP", "GND", "GND", "R", 62, 60, 35, 35, 0],
		[854, "PAD219_5", 429.94, -2380.05, "B", "DIP", "GND", "GND", "R", 62, 60, 35, 35, 0],
		[855, "PAD220_7", 629.94, -2380.05, "T", "DIP", "NET_6", "", "C", 62, 62, 35, 35, 0],
		[856, "PAD220_7", 629.94, -2380.05, "B", "DIP", "NET_6", "", "C", 62, 62, 35, 35, 0],
		[857, "PAD221_8", 729.94, -2380.05, "T", "DIP", "NET_1", "", "C", 62, 62, 35, 35, 0],
		[858, "PAD221_8", 729.94, -2380.05, "B", "DIP", "NET_1", "", "C", 62, 62, 35, 35, 0]
	]
}
}